Date,ret_real,vol_garch,vol_annual,var_95,var_99,exceed_95,exceed_99
2023-06-21,0.8344622172603899,1.3324134482788748,21.15140776598355,-2.5111958553617626,-3.985947165680515,0,0
2023-06-22,-0.57696264109653,1.3346111692327502,21.18629550455397,-2.515363538272059,-3.992547345696443,0,0
2023-06-23,-2.1444705405699103,1.3367956483947436,21.220973036194994,-2.5195061099007656,-3.9991077580566996,0,0
2023-06-26,-0.51366638434704,1.3389669927967034,21.255442059984542,-2.5236237732194224,-4.005628724198575,0,0
2023-06-27,-0.13213204804728998,1.3411253082041577,21.28970425489832,-2.5277167287981617,-4.012110561756354,0,0
2023-06-28,-1.62627172420446,1.3432706991376606,21.32376128014869,-2.5317851748461906,-4.018553584625427,0,0
2023-06-29,-1.1624889717818399,1.3454032688936681,21.35761477551605,-2.5358293072513782,-4.024958103024978,0,0
2023-06-30,1.7119762454237402,1.3475231195649517,21.39126636167291,-2.5398493196189675,-4.031324423559295,0,0
2023-07-03,1.01064974350225,1.3496303520605675,21.42471764050087,-2.5438454033094433,-4.037652849277743,0,0
2023-07-05,-0.67707020102795,1.3517250661253866,21.457970195400673,-2.5478177474755714,-4.043943679733412,0,0
2023-07-06,-0.8965057989726599,1.3538073603592062,21.491025591595577,-2.551766539098637,-4.0501972110405156,0,0
2023-07-07,1.25552421009772,1.3558773322354443,21.52388537642812,-2.5556919630238983,-4.0564137359305334,0,0
2023-07-10,0.11939115667481,1.3579350781194355,21.556551079650564,-2.5595942019952838,-4.062593543807155,0,0
2023-07-11,-0.47840956779988,1.3599806932863365,21.589024213709134,-2.563473436689344,-4.068736920800058,0,0
2023-07-12,2.33043323664482,1.3620142719386488,21.621306274022185,-2.567329845748483,-4.074844149817528,0,0
2023-07-13,2.25191512031186,1.3640359072233736,21.653398739252516,-2.571163605813492,-4.080915510597979,0,0
2023-07-14,-0.19105072686509,1.3660456912488037,21.685303071573944,-2.574974891555388,-4.0869512797603855,0,0
2023-07-17,-2.32148456783246,1.3680437151009663,21.717020716932332,-2.578763875706601,-4.092951730853658,0,0
2023-07-18,-0.41841150008894,1.3700300688597213,21.748553105301117,-2.582530729091499,-4.098917134404996,0,0
2023-07-19,-0.43332734717025,1.3720048416145267,21.779901650931603,-2.5862756206562847,-4.104847757967228,0,0
2023-07-20,0.47263119729213005,1.3739681214798802,21.811067752598074,-2.5899987174982813,-4.110743866165191,0,0
2023-07-21,-0.38055661640326,1.3759199956104422,21.84205279383788,-2.5937001848946073,-4.116605720741144,0,0
2023-07-24,0.98123748270901,1.377860550215851,21.872858143186598,-2.597380186330275,-4.122433580599262,0,0
2023-07-25,1.58866327400971,1.3797898705752367,21.903485154408447,-2.601038883525713,-4.128227701849226,0,0
2023-07-26,-0.29515277676448,1.3817080410514426,21.93393516672205,-2.6046764364637336,-4.133988337848929,0,0
2023-07-27,-0.69641627242174,1.3836151451049585,21.964209505021607,-2.608293003415957,-4.139715739246324,0,0
2023-07-28,1.37525298050716,1.3855112653075776,21.9943094800937,-2.611888740968711,-4.145410154020436,0,0
2023-07-31,1.9592326557728499,1.3873964833557786,22.024236388829724,-2.6154638040484044,-4.151071827521552,0,0
2023-08-01,-2.56098763034433,1.3892708800838445,22.053991514434134,-2.6190183459464103,-4.1567010025106175,0,0
2023-08-02,-1.7096643101558,1.3911345354767213,22.083576126628593,-2.6225525183434466,-4.162297919197857,0,0
2023-08-03,1.25917993713074,1.3929875286826243,22.112991481852063,-2.6260664713334836,-4.167862815280631,0,0
2023-08-04,-0.8030064930524,1.394829938025399,22.14223882345705,-2.629560353447185,-4.173395925980557,0,0
2023-08-07,-0.8357339027301199,1.3966618410166394,22.171319381901952,-2.6330343116748893,-4.178897484079906,0,0
2023-08-08,-1.71939319310105,1.398483314367573,22.20023437493976,-2.636488491489146,-4.184367719957295,0,0
2023-08-09,0.51892918277762,1.400294434000717,22.22898500780308,-2.6399230368668234,-4.189806861622688,0,0
2023-08-10,-0.43891794908603005,1.4020952750613098,22.25757247338557,-2.643338090310782,-4.195215134751734,0,0
2023-08-11,-0.9778385518049699,1.4038859119285239,22.285997952420004,-2.6467337928711436,-4.200592762719438,0,0
2023-08-14,0.26885324997724,1.4056664182264673,22.314262613652858,-2.65011028416615,-4.205939966633201,0,0
2023-08-15,-1.70597054908787,1.4074368668349748,22.342367614015647,-2.65346770240263,-4.211256965365225,0,0
2023-08-16,-0.2734854846346,1.4091973299001976,22.37031409879301,-2.656806184396078,-4.2165439755843215,0,0
2023-08-17,0.92681378667437,1.4109478788449927,22.398103201787656,-2.66012586559036,-4.22180121178711,0,0
2023-08-18,0.36563045923539,1.4126885843791197,22.42573604548222,-2.6634268800770475,-4.22702888632864,0,0
2023-08-21,0.35083052685986,1.4144195165092468,22.453213741198105,-2.6667093606143935,-4.23222720945244,0,0
2023-08-22,1.03183686156447,1.4161407445487735,22.480537389251417,-2.66997343864596,-4.237396389320024,0,0
2023-08-23,1.4032524141701201,1.4178523371274696,22.50770807910598,-2.6732192443188976,-4.242536632039828,0,0
2023-08-24,-0.9510047638679899,1.4195543622009414,22.534726889523597,-2.6764469065018948,-4.247648141695651,0,0
2023-08-25,-0.19926764025285001,1.42124688705992,22.56159488871151,-2.6796565528027947,-4.252731120374537,0,0
2023-08-28,-0.15970304193956,1.4229299783393858,22.58831313446724,-2.6828483095858977,-4.25778576819419,0,0
2023-08-29,1.03353337349805,1.4246037020275246,22.614882674320757,-2.686022301988943,-4.262812283329862,0,0
2023-08-30,-0.21113486150725003,1.426268123474523,22.641304545674114,-2.6891786539397917,-4.267810862040771,0,0
2023-08-31,-0.3307987794226,1.4279233074012065,22.667579775938574,-2.692317488172806,-4.2727816986960425,0,0
2023-09-01,1.0547220161808302,1.4295693179075244,22.693709382669272,-2.695438926244938,-4.27772498580019,0,0
2023-09-05,-0.03934915141578,1.431206218480881,22.719694373697514,-2.6985430885515322,-4.2826409140181365,0,0
2023-09-06,-1.65358614550924,1.4328340720043213,22.745535747260696,-2.7016300943418465,-4.287529672199799,0,0
2023-09-07,-0.6020497844491599,1.4344529407645727,22.771234492129956,-2.704700061734301,-4.292391447404235,0,0
2023-09-08,-1.2286670311471,1.4360628864599436,22.796791587735576,-2.7077531077314605,-4.297226424923368,0,0
2023-09-11,2.40263755923222,1.437663970208086,22.82220800429021,-2.710789348234751,-4.302034788305299,0,0
2023-09-12,-0.47859403472573997,1.4392562525536214,22.84748470290992,-2.7138088980589234,-4.306816719377205,0,0
2023-09-13,0.10655164645383,1.4408397934756358,22.872622635733187,-2.716811870946267,-4.311572398267855,0,0
2023-09-14,0.7030601726295099,1.442414652395045,22.897622746037797,-2.7197983795805754,-4.316302003429721,0,0
2023-09-15,-0.50358053401891,1.4439808881818315,22.922485968355755,-2.7227685356008715,-4.321005711660718,0,0
2023-09-18,-0.58627948744042,1.4455385591621608,22.94721322858624,-2.725722449614903,-4.325683698125575,0,0
2023-09-19,-0.73771146940028,1.4470877231253743,22.971805444106593,-2.7286602312124013,-4.330336136376831,0,0
2023-09-20,0.87126155594211,1.448628437330863,22.99626352388148,-2.7315819889781197,-4.334963198375485,0,0
2023-09-21,-2.15845213732607,1.4501607585148275,23.020588368570156,-2.7344878305046483,-4.339565054511293,0,0
2023-09-22,-0.0272822133986,1.4516847428969208,23.04478087063195,-2.737377862405017,-4.344141873622719,0,0
2023-09-25,-0.43745887456840005,1.4532004461867838,23.06884191442999,-2.740252190325085,-4.348693823016562,0,0
2023-09-26,-0.6735854335471,1.4547079235904674,23.092772376333166,-2.7431109189557197,-4.353221068487244,0,0
2023-09-27,0.0551597762002,1.456207229816751,23.11657312481643,-2.7459541520447814,-4.357723774335784,0,0
2023-09-28,1.84393329176523,1.4576984190833555,23.140245020559416,-2.748781992408903,-4.362202103388457,0,0
2023-09-29,0.84900721334957,1.459181545123053,23.163788916543435,-2.7515945419450776,-4.366656217015144,0,0
2023-10-02,-2.55518387831583,1.4606566611896767,23.18720565814689,-2.754391901642054,-4.371086275147382,0,0
2023-10-03,-0.45533010894279,1.4621238200640332,23.2104960832391,-2.75717417159155,-4.375492436296113,0,0
2023-10-04,-0.8750625267827401,1.4635830740597169,23.23366102227264,-2.7599414509992783,-4.379874857569155,0,0
2023-10-05,-1.03773695463762,1.4650344750288324,23.256701298374146,-2.762693838195798,-4.384233694688382,0,0
2023-10-06,2.16142013243137,1.4664780743676211,23.27961772743366,-2.7654314306471854,-4.388569102006622,0,0
2023-10-09,0.49538803844211,1.4679139230220006,23.30241111819255,-2.768154324965537,-4.392881232524293,0,0
2023-10-10,-0.28867858051032,1.4693420714930132,23.325082272330008,-2.770862616919304,-4.39717023790577,0,0
2023-10-11,-0.49682374726279,1.4707625698421873,23.347631984548162,-2.7735564014434573,-4.4014362684954795,0,0
2023-10-12,-0.55493983753457,1.472175467696815,23.370061042655852,-2.776235772649498,-4.405679473333754,0,0
2023-10-13,-0.39030373872053004,1.4735808142551448,23.392370227651057,-2.7789008238353032,-4.409900000172424,0,0
2023-10-16,0.19533896712972,1.4749786582914926,23.414560313802045,-2.781551647494819,-4.414097995490173,0,0
2023-10-17,-0.32111390657374,1.4763690481612726,23.436632068727214,-2.7841883353276,-4.418273604507636,0,0
2023-10-18,0.18162787238428002,1.477752031805949,23.45858625347371,-2.7868109782482007,-4.422426971202281,0,0
2023-10-19,0.26486463165446,1.4791276567579108,23.48042362259483,-2.7894196663954194,-4.42655823832304,0,0
2023-10-20,-1.38783997704066,1.480495970145271,23.50214492422616,-2.792014489141398,-4.43066754740473,0,0
2023-10-23,0.8714011252535601,1.4818570186965898,23.52375090016061,-2.7945955351005827,-4.434755038782233,0,0
2023-10-24,1.03021770559338,1.4832108487455284,23.54524228592224,-2.797162892138544,-4.438820851604471,0,0
2023-10-25,-1.0582072795597801,1.4845575062354275,23.56661981083897,-2.7997166473806634,-4.44286512384816,0,0
2023-10-26,-0.09803193019683001,1.485897036723818,23.587884198114192,-2.8022568872206857,-4.446887992331353,0,0
2023-10-27,1.8188636106531602,1.4872294853868628,23.609036164897255,-2.8047836973291425,-4.450889592726786,0,0
2023-10-30,0.42561553476826997,1.4885548970237295,23.630076422352893,-2.8072971626616434,-4.454870059575,0,0
2023-10-31,-0.21944590138385,1.489873316060899,23.65100567572964,-2.8097973674670493,-4.458829526297288,0,0
2023-11-01,0.09606765995697,1.4911847865564078,23.671824624427128,-2.812284395295515,-4.462768125208434,0,0
2023-11-02,0.60175439453708,1.4924893522040275,23.692533962062484,-2.8147583290064153,-4.466685987529263,0,0
2023-11-03,0.20431616991152998,1.4937870563373803,23.71313437653564,-2.8172192507761507,-4.470583243399004,0,0
2023-11-06,0.9480050828115001,1.4950779419339943,23.733626550093692,-2.8196672421058366,-4.474460021887463,0,0
2023-11-07,-1.07054338454219,1.496362051619299,23.754011159394366,-2.822102383828881,-4.4783164510070295,0,0
2023-11-08,-1.15101448190989,1.4976394276705605,23.774288875568452,-2.824524756118446,-4.48215265772449,0,0
2023-11-09,0.19275703259737,1.4989101120207584,23.794460364281363,-2.8269344384948014,-4.485968767972673,0,0
2023-11-10,-1.4269157458469799,1.5001741462624079,23.81452628579381,-2.8293315098325715,-4.489764906661923,0,0
2023-11-13,2.18059974008715,1.5014315716513231,23.834487295021543,-2.831716048367873,-4.493541197691411,0,0
2023-11-14,0.5445889973388199,1.5026824291103278,23.854344041594242,-2.8340881317053492,-4.4972977639602725,0,0
2023-11-15,0.9459553378394701,1.503926759232911,23.874097169913572,-2.8364478368251063,-4.501034727378585,0,0
2023-11-16,-0.35031055938466005,1.5051646022868301,23.893747319210366,-2.8387952400895426,-4.504752208878192,0,0
2023-11-17,0.8868639896387399,1.5063959982176616,23.913295123600985,-2.841130417250085,-4.5084503284233675,0,0
2023-11-20,1.98682159749101,1.5076209866523007,23.932741212142897,-2.843453443453823,-4.512129205021323,0,0
2023-11-21,0.05244771158837,1.508839606902412,23.95208620888943,-2.8457643932500534,-4.51578895673257,0,0
2023-11-22,-1.26634317785976,1.510051897967829,23.971330732943745,-2.848063340596728,-4.519429700681134,0,0
2023-11-23,0.33132487051672,1.5112578985399077,23.990475398512075,-2.8503503588668124,-4.52305155306462,0,0
2023-11-24,0.46201451544259,1.5124576470048297,24.009520814956165,-2.852625520854549,-4.526654629164137,0,0
2023-11-27,-0.89959383820025,1.5136511814468607,24.02846758684499,-2.8548888987816383,-4.530239043354085,0,0
2023-11-28,1.01805783704156,1.5148385396515638,24.04731631400577,-2.85714056430333,-4.5338049091117965,0,0
2023-11-29,-0.39541648051621,1.516019759108965,24.066067591574214,-2.859380588514429,-4.537352339027053,0,0
2023-11-30,1.12936151852322,1.5171948770166765,24.084722010044114,-2.861609041955216,-4.540881444811461,0,0
2023-12-01,2.06778948185395,1.518363930282977,24.103280155316227,-2.8638259946172884,-4.544392337307702,0,0
2023-12-04,-2.29002891709397,1.5195269555298467,24.12174260874647,-2.8660315159493184,-4.547885126498646,0,0
2023-12-05,-1.26433553747709,1.5206839890959636,24.140109947193466,-2.8682256748627335,-4.551359921516356,0,0
2023-12-06,-1.4955544784657901,1.5218350670396559,24.158382743065435,-2.8704085397373147,-4.554816830650947,0,0
2023-12-07,1.8131370036655399,1.5229802251418152,24.17656156436642,-2.872580178426722,-4.558255961359339,0,0
2023-12-08,0.9336658119057101,1.524119498908769,24.194646974741897,-2.874740658263941,-4.561677420273884,0,0
2023-12-11,-1.0526403080123699,1.525252923575115,24.212639533523763,-2.8768900460666598,-4.565081313210876,0,0
2023-12-12,0.15860542510078998,1.5263805341065164,24.230539795774718,-2.879028408142566,-4.568467745178948,0,0
2023-12-13,0.0,1.5275023652024582,24.248348312332002,-2.881155810294578,-4.571836820387348,0,0
2023-12-14,2.67134164625686,1.5286184512989691,24.26606562985063,-2.8832723178260027,-4.575188642254112,0,0
2023-12-15,-0.09004914113786,1.5297288265713038,24.28369229084595,-2.885377995545626,-4.5785233134141246,0,0
2023-12-18,-0.95694356738998,1.5308335249365908,24.30122883373568,-2.8874729077727315,-4.581840935727065,0,0
2023-12-19,1.23968165901758,1.5319325800564447,24.318675792881397,-2.889557118342054,-4.585141610285258,0,0
2023-12-20,0.14107288714222,1.5330260253395445,24.33603369862943,-2.891630690608671,-4.58842543742141,0,0
2023-12-21,0.17925663016954,1.5341138939441745,24.353303077351224,-2.89369368745282,-4.591692516716247,0,0
2023-12-22,-0.33316308647011,1.5351962187807364,24.370484451483215,-2.895746171284661,-4.594942947006053,0,0
2023-12-26,0.0,1.5362730325142249,24.38757833956611,-2.897788204048975,-4.598176826390109,0,0
2023-12-27,1.22466379070829,1.5373443675666707,24.4045852562837,-2.899819847229792,-4.60139425223803,0,0
2023-12-28,-0.77642939717696,1.5384102561195536,24.42150571250113,-2.901841161854971,-4.604595321197007,0,0
2023-12-29,-0.8340339060424499,1.5394707301161819,24.438340215302706,-2.9038522085007097,-4.607780129198957,0,0
2024-01-02,-0.29679665916673,1.5405258212640431,24.455089268029184,-2.905853047296005,-4.6109487714675845,0,0
2024-01-03,-0.5572455833696399,1.5415755610371222,24.471753370314588,-2.907843737927045,-4.614101342525336,0,0
2024-01-04,-0.42977199205600997,1.5426199806781902,24.488333018122532,-2.909824339641553,-4.61723793620028,0,0
2024-01-05,-0.95732095996561,1.5436591112010642,24.5048287037821,-2.9117949112530734,-4.620358645632895,0,0
2024-01-08,0.13167965968512,1.5446929833928382,24.521240916023256,-2.9137555111451974,-4.623463563282762,0,0
2024-01-09,-1.35136871514232,1.5457216278160846,24.537570140011795,-2.9157061972757434,-4.6265527809351825,0,0
2024-01-10,0.8632709208340601,1.5467450748110274,24.553816857383847,-2.917647027180876,-4.629626389707703,0,0
2024-01-11,-0.11908469366553999,1.5477633544976903,24.56998154627996,-2.919578057979178,-4.6326844800565645,0,0
2024-01-12,-0.97120372595931,1.5487764967780135,24.58606468137872,-2.921499346375667,-4.635727141783063,0,0
2024-01-16,0.70605732944442,1.5497845313379472,24.602066733929977,-2.9234109486657647,-4.638754464039835,0,0
2024-01-17,-0.9067916399167,1.5507874876495176,24.617988171787644,-2.925312920739214,-4.641766535337058,0,0
2024-01-18,0.33433155392107,1.5517853949728653,24.63382945944205,-2.927205318083946,-4.644763443548582,0,0
2024-01-19,1.11525468954342,1.552778282358262,24.64959105805197,-2.9290881957899035,-4.647745275917977,0,0
2024-01-22,-0.60919277986648,1.553766178648098,24.665273425476148,-2.9309616085528085,-4.6507121190645035,0,0
2024-01-23,0.70157113821107,1.5547491124788466,24.680877016304503,-2.9328256106778916,-4.653664058989018,0,0
2024-01-24,2.39813419565793,1.555727112283006,24.696402281888957,-2.93468025608357,-4.656601181079797,0,0
2024-01-25,-0.43882259759286996,1.5567002062910138,24.711849670373812,-2.936525598305081,-4.6595235701182895,0,0
2024-01-26,-0.3887995133573,1.5576684225331399,24.727219626725805,-2.9383616904980707,-4.662431310284806,0,0
2024-01-29,0.58263386646113,1.5586317888413566,24.742512592763806,-2.94018858544214,-4.665324485164127,0,0
2024-01-30,0.8612481930482699,1.5595903328511842,24.757729007188093,-2.9420063355443453,-4.668203177751052,0,0
2024-01-31,-0.10245069182321001,1.560544082003515,24.77286930560933,-2.9438149928426567,-4.671067470455875,0,0
2024-02-01,-1.28950731034206,1.5614930635464157,24.78793392057716,-2.9456146090093767,-4.6739174451097965,0,0
2024-02-02,-0.80792461388293,1.5624373045369062,24.802923281608468,-2.9474052353545135,-4.676753182970268,0,0
2024-02-05,-1.30376476794878,1.563376831842719,24.81783781521528,-2.9491869228291168,-4.679574764726272,0,0
2024-02-06,0.27797897522733,1.5643116721440355,24.832677944932346,-2.950959722028571,-4.682382270503543,0,0
2024-02-07,-1.19682482855952,1.5652418519352027,24.847444091344382,-2.952723683195849,-4.685175779869714,0,0
2024-02-08,-0.85987539186785,1.5661673975264288,24.862136672113003,-2.954478856224732,-4.687955371839417,0,0
2024-02-09,-0.52762832972283,1.567088335045458,24.876756102003284,-2.956225290662981,-4.690721124879309,0,0
2024-02-12,1.14640895885629,1.5680046904392277,24.891302792910086,-2.9579630357154807,-4.693473116913048,0,0
2024-02-13,-0.3896518995657,1.5689164894755028,24.905777153884,-2.95969214024734,-4.6962114253262035,0,0
2024-02-14,-0.36415105876549997,1.5698237577444918,24.92017959115699,-2.961412652786956,-4.698936126971108,0,0
2024-02-15,1.5019725602353,1.570726520660446,24.934510508167786,-2.963124621529046,-4.701647298171662,0,0
2024-02-16,2.1463738641081602,1.5716248034632367,24.94877030558693,-2.9648280943376406,-4.7043450147280685,0,0
2024-02-20,0.7398266423898,1.5725186312199155,24.962959381341523,-2.966523118749038,-4.707029351921519,0,0
2024-02-21,0.20669521599391,1.5734080288262566,24.977078130639732,-2.9682097419747344,-4.709700384518826,0,0
2024-02-22,0.5918700162107801,1.5742930210082797,24.99112694599495,-2.969888010904309,-4.712358186776998,0,0
2024-02-23,-0.3984854851828,1.5751736323237577,25.005106217249732,-2.971557972108282,-4.715002832447764,0,0
2024-02-26,-1.50535126209467,1.5760498871637036,25.019016331599413,-2.9732196718409383,-4.717634394782041,0,0
2024-02-27,0.18289248539391,1.5769218097538433,25.032857673615467,-2.9748731560431154,-4.72025294653436,0,0
2024-02-28,-0.09140131607922,1.5777894241560697,25.0466306252686,-2.9765184703449648,-4.722858559967224,0,0
2024-02-29,0.18271916643559,1.5786527542698798,25.060335565951572,-2.9781556600686767,-4.725451306855436,0,0
2024-03-01,0.53319443409477,1.5795118238337977,25.07397287250176,-2.979784770231176,-4.728031258490362,0,0
2024-03-04,-0.07785185222983,1.580366656426778,25.08754291922347,-2.981405845546787,-4.730598485684152,0,0
2024-03-05,-0.20789760346844,1.581217275469596,25.10104607790998,-2.983018930429867,-4.7331530587739135,0,0
2024-03-06,0.68702029249927,1.5820637042262196,25.11448271786534,-2.9846240689974106,-4.73569504762583,0,0
2024-03-07,1.25804030268152,1.5829059658051696,25.127853205925938,-2.986221305071626,-4.738224521639247,0,0
2024-03-08,-0.88411419929941,1.5837440831608596,25.141157906481794,-2.9878106821824795,-4.740741549750697,0,0
2024-03-11,0.96061975159869,1.5845780790949247,25.154397181497647,-2.9893922435702116,-4.7432462004378895,0,0
2024-03-12,0.06371602048168,1.5854079762575337,25.167571390533777,-2.9909660321878295,-4.745738541723651,0,0
2024-03-13,3.19675790628683,1.5862337971486868,25.180680890766613,-2.992532090703564,-4.7482186411798235,0,0
2024-03-14,-0.38320318658367997,1.587055564119499,25.193726037009107,-2.9940904615033057,-4.750686565931116,0,0
2024-03-15,1.85292761881015,1.5878732993734679,25.20670718173086,-2.9956411866930086,-4.7531423826589165,0,0
2024-03-18,0.0486168718464,1.5886870249677314,25.219624675078077,-2.9971843081010756,-4.755586157605066,0,0
2024-03-19,-1.37039300266247,1.5894967628143053,25.232478864893228,-2.998719867280705,-4.758017956575573,0,0
2024-03-20,-0.49401068240525003,1.5903025346813133,25.245270096734558,-3.0002479055122215,-4.760437844944315,0,0
2024-03-21,0.19790665216677,1.5911043621941996,25.257998713895358,-3.001768463805379,-4.762845887656671,0,0
2024-03-22,-1.2558487186443998,1.5919022668369294,25.270665057423,-3.0032815829016353,-4.765242149233136,0,0
2024-03-25,0.27489503641430996,1.5926962699531764,25.2832694661378,-3.004787303276403,-4.767626693772876,0,0
2024-03-26,-0.27489503641432,1.5934863927474976,25.295812276651663,-3.0062856651412804,-4.76999958495727,0,0
2024-03-27,-0.08762558461157,1.5942726562864944,25.30829382338652,-3.0077767084462494,-4.772360886053384,0,0
2024-03-28,0.2751356891507,1.5950550814999622,25.320714438592574,-3.0092604728818593,-4.774710659917433,0,0
2024-04-01,1.05597649691964,1.5958336891820264,25.333074452366333,-3.0107369978813785,-4.777048968998185,0,0
2024-04-02,0.59143019433597,1.5966084999922674,25.345374192668466,-3.012206322622929,-4.779375875340349,0,0
2024-04-03,2.97733883462225,1.5973795344568318,25.357613985341448,-3.013668486031595,-4.781691440587901,0,0
2024-04-04,1.26786878532215,1.5981468129695338,25.369794154127046,-3.0151235267815077,-4.783995725987398,0,0
2024-04-05,-0.16497692716825,1.5989103557929434,25.381915020683586,-3.0165714832979127,-4.78628879239125,0,0
2024-04-08,0.8806469090439899,1.599670183059463,25.39397690460305,-3.0180123937592103,-4.788570700260945,0,0
2024-04-09,0.21020268892719,1.6004263147723934,25.405980123427987,-3.0194462960989754,-4.790841509670252,0,0
2024-04-10,-0.09336392269701001,1.6011787708069873,25.417924992668258,-3.0208732280079587,-4.793101280308392,0,0
2024-04-11,-0.70307789243862,1.6019275709114933,25.42981182581759,-3.022293226936064,-4.7953500714831625,0,0
2024-04-12,0.12927474866024,1.6026727347081862,25.44164093436994,-3.023706330094303,-4.797587942124043,0,0
2024-04-15,2.81382566303777,1.6034142816943902,25.453412627835732,-3.0251125744567338,-4.799814950785258,0,0
2024-04-16,-1.6927148262715,1.6041522312434877,25.465127213757878,-3.026511996762378,-4.802031155648814,0,0
2024-04-17,0.8556985206100299,1.60488660260592,25.47678499772766,-3.027904633517114,-4.804236614527499,0,0
2024-04-18,2.23166663012417,1.6056174149101765,25.48838628340043,-3.029290520995555,-4.806431384867856,0,0
2024-04-19,1.3754776536381301,1.6063446871637734,25.49993137251116,-3.0306696952429064,-4.808615523753125,0,0
2024-04-22,-0.03331636471842,1.607068438254223,25.51142056488981,-3.0320421920768,-4.810789087906148,0,0
2024-04-23,-0.22244984563269,1.6077886869499929,25.522854158476562,-3.033408047089116,-4.812952133692254,0,0
2024-04-24,-0.52470041044125,1.6085054519014539,25.53423244933688,-3.034767295647781,-4.815104717122106,0,0
2024-04-25,2.29055414986754,1.6092187516418206,25.545555731676426,-3.03611997289855,-4.817246893854522,0,0
2024-04-26,-0.032827392489260004,1.6099286045880798,25.556824297855798,-3.037466113766767,-4.819378719199267,0,0
2024-04-29,1.9506503988563701,1.6106350290419114,25.568038438405154,-3.0388057529591115,-4.821500248119815,0,0
2024-04-30,-2.049186837508,1.611338043190598,25.57919844203866,-3.040138924965326,-4.823611535236085,0,0
2024-05-01,-0.26324649216452,1.6120376651079271,25.590304595668798,-3.041465664059923,-4.82571263482715,0,0
2024-05-02,-1.2933317917676501,1.6127339127550835,25.601357184420536,-3.0427860043038795,-4.82780360083391,0,0
2024-05-03,1.75356458859796,1.6134268039815314,25.612356491645333,-3.044099979546309,-4.829884486861752,0,0
2024-05-06,1.32495137836593,1.6141163565258894,25.623302798935033,-3.0454076234261223,-4.831955346183167,0,0
2024-05-07,-0.19438071566325,1.6148025880167953,25.63419638613558,-3.046708969373665,-4.8340162317403585,0,0
2024-05-08,-1.38234373947357,1.6154855159737636,25.64503753136065,-3.048004050612346,-4.8360671961478054,0,0
2024-05-09,0.99243475763408,1.6161651578080327,25.65582651100508,-3.049292900160243,-4.838108291694819,0,0
2024-05-10,1.8493154614805,1.6168415308234048,25.666563599758216,-3.0505755508316947,-4.840139570348052,0,0
2024-05-13,2.33744184374709,1.6175146522170774,25.67724907061711,-3.051852035238879,-4.842161083754009,0,0
2024-05-14,3.05413556727119,1.618184539080466,25.68788319489956,-3.053122385793372,-4.844172883241507,0,0
2024-05-15,0.32248886300245,1.6188512084000182,25.69846624225707,-3.0543866347076927,-4.846175019824125,0,0
2024-05-16,-1.57179861018675,1.6195146770580218,25.70899848068765,-3.0556448139968344,-4.848167544202631,0,0
2024-05-17,3.31721954064959,1.6201749618334023,25.719480176548483,-3.0568969554797785,-4.850150506767375,0,0
2024-05-20,0.60131157340297,1.620832079402514,25.729911594568488,-3.0581430907809923,-4.852123957600665,0,0
2024-05-21,0.6172529764052,1.6214860463399234,25.740292997860752,-3.059383251331919,-4.854087946479124,0,0
2024-05-22,-5.03786762808362,1.6221368791191841,25.75062464793483,-3.060617468372441,-4.8560425228760105,1,1
2024-05-23,-1.0532860973531901,1.6227845941136054,25.76090680470895,-3.061845772952343,-4.857987735963531,0,0
2024-05-24,-0.792085553535,1.6234292075970111,25.77113972652205,-3.063068195932749,-4.859923634615118,0,0
2024-05-28,2.00959982729005,1.6240707357444941,25.781323670145778,-3.0642847679875516,-4.861850267407696,0,0
2024-05-29,-1.4461603129634701,1.6247091946331609,25.791458890796285,-3.065495519604826,-4.863767682623918,0,0
2024-05-30,-2.81738708028639,1.6253446002428704,25.801545642145964,-3.066700481088232,-4.865675928254382,0,0
2024-05-31,-1.3359344858423499,1.6259769684569645,25.811584176335053,-3.0678996825583944,-4.86757505199983,0,0
2024-06-03,1.4429002560831599,1.6266063150629935,25.821574743983145,-3.069093153954285,-4.8694651012733186,0,0
2024-06-04,-2.79693436772657,1.627232655753432,25.83151759420055,-3.0702809250345764,-4.871346123202379,0,0
2024-06-05,1.5598963957449201,1.6278560061263903,25.841412974599592,-3.071463025378992,-4.873218164631145,0,0
2024-06-06,1.53592672820596,1.6284763816863168,25.851261131305762,-3.0726394843896374,-4.875081272122465,0,0
2024-06-07,-4.27913134148148,1.6290937978446964,25.861062308968794,-3.0738103312923264,-4.876935491960003,1,0
2024-06-10,1.37003130661289,1.629708269920739,25.870816750773606,-3.074975595137885,-4.8787808701503,0,0
2024-06-11,-0.73793375399378,1.6303198131420649,25.88052469845118,-3.076135304803451,-4.88061745242484,0,0
2024-06-12,1.28510288750422,1.6309284426453796,25.890186392289266,-3.0772894889937574,-4.882445284242068,0,0
2024-06-13,-1.6283752901125,1.6315341734771471,25.89980207114307,-3.0784381762424027,-4.884264410789418,0,0
2024-06-14,0.9604300840204101,1.6321370205942531,25.9093719724458,-3.079581394913114,-4.886074876985305,0,0
2024-06-17,-0.65031933539331,1.6327369988646632,25.918896332219088,-3.0807191732009933,-4.887876727481096,0,0
2024-06-18,0.89172578790372,1.6333341230680745,25.92837538508335,-3.0818515391337535,-4.889670006663074,0,0
2024-06-20,1.2200637996557901,1.633928407896563,25.937809364268066,-3.082978520572945,-4.891454758654378,0,0
2024-06-21,-2.72185531148285,1.634519867955222,25.9471985016219,-3.0841001452151677,-4.8932310273169195,0,0
2024-06-24,0.73162930734398,1.6351085177627964,25.95654302762279,-3.0852164405932734,-4.894998856253292,0,0
2024-06-25,-3.2782439089447397,1.6356943717523116,25.965843171387903,-3.086327434077558,-4.896758288808654,1,0
2024-06-26,-0.30862946880555,1.6362774442716943,25.975099160683516,-3.08743315287694,-4.898509368072598,0,0
2024-06-27,-0.89697096381965,1.6368577495843903,25.984311221934817,-3.0885336240401293,-4.9002521368810035,0,0
2024-06-28,1.42221173736471,1.6374353018699743,25.993479580235572,-3.0896288744567877,-4.901986637817868,0,0
2024-07-01,0.8166037278466299,1.6380101152247557,26.00260445935775,-3.0907189308586744,-4.90371291321713,0,0
2024-07-02,0.06775653866961,1.6385822036623774,26.01168608176105,-3.091803819820783,-4.905431005164461,0,0
2024-07-03,2.48604936317488,1.6391515811144108,26.020724668602295,-3.0928835677624695,-4.907140955499058,0,0
2024-07-05,2.5546321916446497,1.6397182614309442,26.029720439744832,-3.0939582009485673,-4.908842805815409,0,0
2024-07-08,-0.78659907743479,1.6402822583811658,26.03867361376774,-3.095027745490495,-4.9105365974650415,0,0
2024-07-09,-0.9565322367084701,1.640843585653942,26.047584407975048,-3.0960922273473512,-4.912222371558263,0,0
2024-07-10,0.6423190591299099,1.64140225685839,26.05645303840478,-3.097151672327,-4.913900168965877,0,0
2024-07-11,-2.172090116374,1.6419582855244452,26.06527971983801,-3.098206106087149,-4.9155700303208905,0,0
2024-07-12,1.97655884602716,1.6425116851034245,26.07406466580777,-3.0992555541364157,-4.917231996020203,0,0
2024-07-15,-1.52289927993449,1.6430624689685822,26.082808088607898,-3.100300041835383,-4.918886106226278,0,0
2024-07-16,-1.8946302202244298,1.6436106504156638,26.0915101993018,-3.1013395943976474,-4.920532400868804,0,0
2024-07-17,-1.01775388931997,1.6441562426634524,26.10017120773116,-3.102374236890858,-4.922170919646335,0,0
2024-07-18,-3.07007087603758,1.6446992588543121,26.108791322524542,-3.1034039942377447,-4.923801702027927,0,0
2024-07-19,-1.10784711698038,1.6452397120547249,26.11737075110591,-3.1044288912171374,-4.925424787254748,0,0
2024-07-22,-0.91672366840883,1.6457776152558232,26.1259096997031,-3.105448952464976,-4.927040214341673,0,0
2024-07-23,-0.82868719765545,1.64631298137392,26.134408373356223,-3.1064642024753146,-4.928648022078882,0,0
2024-07-24,-1.14009559930489,1.646845823251029,26.14286697592593,-3.10747466560131,-4.93024824903342,0,0
2024-07-25,0.32881265324324,1.6473761536553873,26.1512857101017,-3.108480366056209,-4.931840933550766,0,0
2024-07-26,-0.19472742755116,1.6479039852819661,26.159664777409954,-3.109481327914323,-4.933426113756369,0,0
2024-07-29,-1.0408474810337198,1.648429330752983,26.168004378222182,-3.1104775751119926,-4.93500382755718,0,0
2024-07-30,0.024625338165310002,1.6489522026184054,26.176304711762945,-3.111469131448548,-4.936574112643177,0,0
2024-07-31,2.35933708267984,1.6494726133564528,26.18456597611783,-3.112456020587258,-4.938137006488857,0,0
2024-08-01,-2.27323130028389,1.649990575374092,26.192788368241334,-3.1134382660562703,-4.9396925463547365,0,0
2024-08-02,0.42942027995810994,1.6505061010075297,26.200972083964665,-3.114415891249546,-4.941240769288824,0,0
2024-08-05,-2.4790595806567,1.6510192025227004,26.209117318003496,-3.1153889194277835,-4.942781712128086,0,0
2024-08-06,0.6878875148857,1.65152989211575,26.217224263965644,-3.1163573737193375,-4.944315411499904,0,0
2024-08-07,-1.8619202580670398,1.6520381819135141,26.225293114358657,-3.117321277121125,-4.945841903823503,0,0
2024-08-08,0.19029332241082,1.6525440839739953,26.233324060597386,-3.118280652499529,-4.947361225311391,0,0
2024-08-09,0.8832886712819901,1.6530476102868323,26.241317293011452,-3.1192355225912918,-4.948873411970766,0,0
2024-08-12,1.8668821145433798,1.6535487727737679,26.24927300085265,-3.120185910004398,-4.9503784996049225,0,0
2024-08-13,-0.46965985076530004,1.6540475832891117,26.257191372302312,-3.1211318372189556,-4.951876523814639,0,0
2024-08-14,-0.27291121621621,1.6545440536201999,26.265072594478596,-3.1220733265880662,-4.95336751999956,0,0
2024-08-15,2.79292634559437,1.6550381954878486,26.2729168534437,-3.123010400338685,-4.954851523359558,0,0
2024-08-16,-0.27822873448714996,1.6555300205468075,26.28072433421103,-3.123943080572481,-4.956328568896094,0,0
2024-08-19,0.9404466138288801,1.6560195403862057,26.288495220752306,-3.124871389266682,-4.957798691413559,0,0
2024-08-20,-0.40885574981119005,1.6565067665299953,26.296229696004605,-3.125795348274918,-4.959261925520604,0,0
2024-08-21,0.76822044888199,1.6569917104373921,26.303927941877333,-3.126714979328053,-4.960718305631464,0,0
2024-08-22,-0.9732768985843601,1.6574743835033108,26.311590139259152,-3.127630304035015,-4.9621678659672686,0,0
2024-08-23,1.28368812100707,1.657954797058798,26.31921646802485,-3.1285413438836125,-4.963610640557334,0,0
2024-08-26,0.40447825990559,1.6584329623714607,26.32680710704215,-3.129448120241351,-4.96504666324046,0,0
2024-08-27,0.45013230541262994,1.6589088906458915,26.33436223417844,-3.130350654356237,-4.9664759676662,0,0
2024-08-28,-2.04174576960834,1.6593825930240904,26.341882026307484,-3.1312489673575783,-4.967898587296126,0,0
2024-08-29,0.06029682943513,1.6598540805858826,26.349366659316058,-3.132143080256777,-4.969314555405095,0,0
2024-08-30,-0.06029682943513,1.6603233643493327,26.356816308110513,-3.1330330139481135,-4.970723905082479,0,0
2024-09-03,-2.76402371328329,1.6607904552711572,26.364231146623336,-3.1339187892095315,-4.97212666923341,0,0
2024-09-04,-0.31050851117505,1.6612553642471304,26.371611347819577,-3.1348004267034044,-4.973522880580002,0,0
2024-09-05,1.43265610277389,1.66171810211249,26.378957083703305,-3.135677946977307,-4.974912571662563,0,0
2024-09-06,-1.55711809677476,1.6621786796423375,26.38626852532395,-3.1365513704647734,-4.976295774840803,0,0
2024-09-09,1.72864398390613,1.6626371075520359,26.393545842782625,-3.137420717486052,-4.977672522295023,0,0
2024-09-10,-1.08307943518465,1.663093396497604,26.400789205238393,-3.1382860082488526,-4.979042846027305,0,0
2024-09-11,1.04635698949382,1.6635475570761074,26.407998780914447,-3.1391472628490877,-4.9804067778626795,0,0
2024-09-12,1.21714534257441,1.663999599826047,26.41517473710431,-3.140004501271611,-4.981764349450299,0,0
2024-09-13,1.01108933788166,1.6644495352277429,26.422317240177897,-3.140857743390943,-4.983115592264586,0,0
2024-09-16,0.90605364525072,1.6648973737037163,26.429426455587606,-3.141707008971997,-4.984460537606382,0,0
2024-09-17,0.01187212220558,1.6653431256190678,26.436502547874312,-3.1425523176707957,-4.985799216604085,0,0
2024-09-18,0.57977783811475,1.6657868012818537,26.44354568067333,-3.143393689035184,-4.987131660214776,0,0
2024-09-19,1.1262404495693201,1.6662284109434564,26.450556016720316,-3.144231142505534,-4.988457899225335,0,0
2024-09-20,-0.10504611301073001,1.6666679647989555,26.45753371785714,-3.1450646974154455,-4.989777964253551,0,0
2024-09-23,0.17502301303588,1.6671054729874923,26.464478945037676,-3.1458943729924402,-4.991091885749222,0,0
2024-09-24,3.22331205829514,1.6675409455926355,26.471391858333618,-3.1467201883586524,-4.992399693995252,0,0
2024-09-25,-0.03387253064925,1.6679743926427393,26.478272616940153,-3.147542162531511,-4.993701419108722,0,0
2024-09-26,3.3969273612535695,1.6684058241113018,26.485121379181653,-3.148360314424417,-4.99499709104197,0,0
2024-09-27,-0.8770054674294601,1.66883524991732,26.49193830251732,-3.149174662847417,-4.996286739583659,0,0
2024-09-30,-0.9959156737551701,1.669262679925641,26.498723543546742,-3.14998522650787,-4.997570394359828,0,0
2024-10-01,0.8747270990222201,1.6696881239473105,26.505477258015443,-3.1507920240111074,-4.998848084834939,0,0
2024-10-02,1.32510603098586,1.6701115917399205,26.51219960082039,-3.151595073861094,-5.000119840312924,0,0
2024-10-03,-2.06646920308485,1.6705330930079512,26.518890726015435,-3.1523943944610737,-5.001385689938209,0,0
2024-10-04,0.45432364363921,1.670952637403112,26.525550786816716,-3.1531900041142187,-5.00264566269674,0,0
2024-10-07,-0.07742044750523,1.6713702345246801,26.53217993560803,-3.15398192102427,-5.003899787416997,0,0
2024-10-08,-2.39626002188617,1.6717858939198353,26.538778323946158,-3.1547701632961735,-5.005148092771004,0,0
2024-10-09,-1.30035273441879,1.6721996250839923,26.54534610256614,-3.155554748936709,-5.006390607275323,0,0
2024-10-10,0.68650633365452,1.6726114374611312,26.551883421386506,-3.156335695855117,-5.007627359292048,0,0
2024-10-11,1.5051426299758202,1.6730213404441248,26.558390429514493,-3.1571130218637213,-5.008858377029788,0,0
2024-10-14,-1.99665895981243,1.6734293433750633,26.564867275251185,-3.1578867446785424,-5.0100836885446425,0,0
2024-10-15,-1.45432392277103,1.673835455545577,26.57131410609664,-3.1586568819199097,-5.0113033217411695,0,0
2024-10-16,0.71826391830703,1.6742396861971547,26.577731068754947,-3.1594234511130677,-5.012517304373342,0,0
2024-10-17,-1.0443370880604401,1.674642044521463,26.584118309139285,-3.160186469688778,-5.013725664045511,0,0
2024-10-18,1.37853828023608,1.6750425396606594,26.590475972376908,-3.1609459549839163,-5.014928428213336,0,0
2024-10-21,-0.53063315029703,1.675441180707705,26.5968042028141,-3.161701924242063,-5.016125624184736,0,0
2024-10-22,0.57663855679845,1.6758379767066756,26.60310314402111,-3.162454394614094,-5.017317279120812,0,0
2024-10-23,-1.00549696208699,1.676232936653067,26.60937293879701,-3.1632033831587614,-5.018503420036777,0,0
2024-10-24,0.34786367081482,1.676626069494102,26.61561372917455,-3.163948906843271,-5.019684073802865,0,0
2024-10-25,0.46194749226034,1.677017384129032,26.621825656424978,-3.1646909825438603,-5.020859267145246,0,0
2024-10-28,-0.17298446095611,1.6774068894094378,26.62800886106278,-3.165429627046364,-5.0220290266469245,0,0
2024-10-29,0.01154601404316,1.6777945941395285,26.634163482850443,-3.166164857046784,-5.023193378748638,0,0
2024-10-30,-0.11547609895255001,1.6781805070764353,26.64028966080311,-3.1668966891518435,-5.0243523497497415,0,0
2024-10-31,-0.32403544840675996,1.6785646369305076,26.646387533193295,-3.1676251398795525,-5.025505965809096,0,0
2024-11-01,0.78513094168427,1.6789469923656017,26.652457237555453,-3.168350225659752,-5.0266542529459315,0,0
2024-11-04,1.3593268426589,1.679327581999372,26.658498910690604,-3.1690719628346664,-5.027797237040728,0,0
2024-11-05,0.9822251413223799,1.6797064144035565,26.664512688670875,-3.169790367659447,-5.0289349438360675,0,0
2024-11-06,-5.25891184253085,1.680083498104262,26.67049870684401,-3.170505456302712,-5.030067398937494,1,1
2024-11-07,4.34473212953677,1.6804588415822466,26.676457099837872,-3.171217244847081,-5.031194627814361,0,0
2024-11-08,-2.8404111061249,1.6808324532732,26.682388001564888,-3.171925749289707,-5.0323166558006704,0,0
2024-11-11,-1.77704027702838,1.6812043415680216,26.688291545226452,-3.1726309855428054,-5.033433508095913,0,0
2024-11-12,-2.1968305360875,1.681574514813097,26.694167863317325,-3.1733329694341768,-5.034545209765895,0,0
2024-11-13,-1.30721242125389,1.6819429813105717,26.70001708762999,-3.174031716707726,-5.035651785743561,0,0
2024-11-14,0.17201059739166,1.6823097493186234,26.705839349258945,-3.1747272430239786,-5.036753260829812,0,0
2024-11-15,-0.54160240150324,1.682674827051731,26.711634778605006,-3.175419563960592,-5.037849659694312,0,0
2024-11-18,1.3972450366740699,1.6830382226809446,26.717403505379565,-3.176108695012867,-5.038941006876301,0,0
2024-11-19,0.53411909036029,1.683399944334149,26.723145658608804,-3.1767946515942453,-5.040027326785386,0,0
2024-11-20,0.32633707191537,1.6837600000963293,26.728861366637872,-3.177477449036817,-5.041108643702336,0,0
2024-11-21,-0.73881365578837,1.684118398009832,26.734550757135068,-3.1781571025918134,-5.0421849817798705,0,0
2024-11-22,-0.95273800661688,1.6844751460746252,26.740213957095946,-3.1788336274301,-5.043256365043436,0,0
2024-11-25,0.42863146578995,1.6848302522485572,26.74585109284743,-3.1795070386426687,-5.044322817391986,0,0
2024-11-26,-1.29144583541395,1.6851837244476118,26.751462290051872,-3.1801773512411207,-5.045384362598748,0,0
2024-11-27,0.69084602704606,1.6855355705461632,26.757047673711085,-3.1808445801581504,-5.046441024311986,0,0
2024-11-29,0.33139554256201,1.6858857983772277,26.762607368170347,-3.1815087402480215,-5.04749282605576,0,0
2024-12-02,-0.12261194171518,1.6862344157327158,26.768141497122404,-3.182169846287047,-5.048539791230679,0,0
2024-12-03,1.7150550571007201,1.6865814303636784,26.77365018361137,-3.1828279129740555,-5.049581943114645,0,0
2024-12-04,-0.09651810670760999,1.6869268499805556,26.77913355003669,-3.1834829549308616,-5.050619304863599,0,0
2024-12-05,-0.16914270363561,1.6872706822534211,26.784591718157014,-3.184134986702731,-5.051651899512248,0,0
2024-12-06,0.08460711338127,1.6876129348122257,26.790024809094046,-3.1847840227588415,-5.05267974997481,0,0
2024-12-09,2.0330659934380697,1.687953615247038,26.7954329433364,-3.1854300774927404,-5.053702879045724,0,0
2024-12-10,0.0,1.688292731108285,26.80081624074338,-3.1860731652227985,-5.054721309400378,0,0
2024-12-11,-0.22517461047863002,1.688630289906989,26.806174820548776,-3.186713300192663,-5.055735063595821,0,0
2024-12-12,-0.45189879517386,1.6889662991150047,26.8115088013646,-3.1873504965717028,-5.056744164071477,0,0
2024-12-13,-1.1025999034178602,1.6893007661652542,26.81681830118483,-3.1879847684554576,-5.057748633149842,0,0
2024-12-16,-0.1326576403701,1.6896336984519575,26.82210343738908,-3.1886161298660736,-5.058748493037187,0,0
2024-12-17,-1.2629201966152799,1.689965103330867,26.827364326746284,-3.1892445947527484,-5.059743765824254,0,0
2024-12-18,0.20753470143054,1.690294988119493,26.832601085418332,-3.1898701769921582,-5.0607344734869395,0,0
2024-12-19,-1.9580631900887502,1.6906233600973355,26.837813828963693,-3.190492890388898,-5.061720637886984,0,0
2024-12-20,0.50858401713594,1.6909502265061067,26.84300267234099,-3.191112748675904,-5.06270228077265,0,0
2024-12-23,-0.44643245425015,1.6912755945499582,26.848167729912582,-3.191729765514882,-5.0636794237793925,0,0
2024-12-24,0.6565579702973801,1.6915994713957025,26.85330911544809,-3.192343954496731,-5.064652088430532,0,0
2024-12-26,0.55408719250465,1.6919218641730347,26.858426942127917,-3.1929553291419612,-5.065620296137919,0,0
2024-12-27,-0.23357381500476002,1.6922427799747526,26.863521322546735,-3.193563902901112,-5.066584068202593,0,0
2024-12-30,-0.41934444234102003,1.692562225856974,26.868592368716943,-3.194169689155163,-5.067543425815437,0,0
2024-12-31,-1.48168661294602,1.6928802088393538,26.87364019207211,-3.1947727012159493,-5.0684983900578295,0,0
2025-01-02,0.06270129152066,1.693196735905299,26.878664903470384,-3.195372952326565,-5.06944898190229,0,0
2025-01-03,1.27057304690626,1.6935118140021825,26.883666613197885,-3.1959704556617696,-5.070395222213117,0,0
2025-01-06,2.1429735158765997,1.6938254500415548,26.888645430972083,-3.196565224328392,-5.071337131747032,0,0
2025-01-07,0.8084555631823099,1.6941376508993542,26.893601465945114,-3.197157271365727,-5.0722747311538035,0,0
2025-01-08,1.59755214892244,1.6944484234161163,26.89853482670711,-3.197746609745932,-5.07320804097688,0,0
2025-01-09,1.22253893552361,1.6947577743971818,26.90344562128951,-3.198333252374422,-5.074137081654012,0,0
2025-01-10,-0.11690706262276,1.6950657106129017,26.9083339571683,-3.1989172120902607,-5.07506187351787,0,0
2025-01-13,0.49008054203461004,1.6953722387988426,26.91319994126729,-3.1994985016665454,-5.075982436796661,0,0
2025-01-14,0.34860233805795005,1.6956773656559896,26.918043679961315,-3.200077133810795,-5.076898791614734,0,0
2025-01-15,1.13034158381736,1.6959810978509484,26.922865279079463,-3.2006531211653337,-5.077810957993194,0,0
2025-01-16,1.16307168253729,1.6962834420161454,26.92766484390824,-3.2012264763076677,-5.078718955850495,0,0
2025-01-17,-1.6689905700843901,1.6965844047500267,26.932442479194727,-3.2017972117508644,-5.079622805003045,0,0
2025-01-21,-0.61283015804669,1.6968839926172554,26.937198289149723,-3.202365339943927,-5.080522525165795,0,0
2025-01-22,-0.9204786171019899,1.6971822121489084,26.94193237745086,-3.202930873272167,-5.081418135952825,0,0
2025-01-23,0.6533654698869901,1.6974790698426705,26.946644847245686,-3.20349382405757,-5.08230965687794,0,0
2025-01-24,-0.22120101592304997,1.6977745721630289,26.951335801154748,-3.2040542045591707,-5.08319710735524,0,0
2025-01-27,-2.0369261459914,1.6980687255414637,26.956005341274636,-3.204612026973407,-5.084080506699702,0,0
2025-01-28,0.40361400459950003,1.6983615363766407,26.96065356918102,-3.2051673034344907,-5.084959874127753,0,0
2025-01-29,0.8728571240526801,1.6986530110345992,26.965280585931634,-3.2057200460147603,-5.085835228757837,0,0
2025-01-30,0.71382748034391,1.698943155848941,26.969886492069293,-3.2062702667250425,-5.086706589610982,0,0
2025-01-31,-0.60818953104092,1.6992319771210171,26.974471387624845,-3.206817977515004,-5.087573975611361,0,0
2025-02-03,0.7480180735855,1.6995194811201138,26.979035372120123,-3.2073631902735045,-5.08843740558685,0,0
2025-02-04,1.1231533344878,1.6998056740836356,26.983578544570854,-3.2079059168289454,-5.08929689826958,0,0
2025-02-05,2.0964651419344698,1.70009056221729,26.988101003489593,-3.2084461689496178,-5.090152472296484,0,0
2025-02-06,0.42753387678842997,1.7003741516952677,26.992602846888577,-3.2089839583440467,-5.091004146209851,0,0
2025-02-07,2.83362094445021,1.7006564486604248,26.99708417228262,-3.2095192966613335,-5.091851938457863,0,0
2025-02-10,2.5642421391162897,1.7009374592244606,27.001545076691944,-3.2100521954914965,-5.092695867395129,0,0
2025-02-11,-2.28089383976497,1.7012171894680967,27.005985656645013,-3.210582666365808,-5.093535951283233,0,0
2025-02-12,2.22769264194491,1.7014956454412538,27.010406008181334,-3.211110720757131,-5.094372208291251,0,0
2025-02-13,1.49997740216893,1.7017728331632263,27.014806226854255,-3.21163637008025,-5.0952046564962865,0,0
2025-02-14,-2.3872587026951098,1.702048758622858,27.019186407733716,-3.2121596256922036,-5.096033313883994,0,0
2025-02-18,-1.54739494592816,1.702323427778716,27.023546645409038,-3.212680498892614,-5.096858198349098,0,0
2025-02-19,-0.61255665881335,1.7025968465592605,27.027887033991608,-3.2131990009240115,-5.097679327695909,0,0
2025-02-20,1.11293329055451,1.7028690208630182,27.032207667117635,-3.2137151429721604,-5.098496719638841,0,0
2025-02-21,-1.04712693678418,1.7031399565587504,27.036508637950824,-3.214228936166379,-5.099310391802916,0,0
2025-02-24,-0.9474510390437301,1.703409659485623,27.04079003918505,-3.2147403915798614,-5.100120361724277,0,0
2025-02-25,-0.6886650883797599,1.703678135453373,27.045051963047033,-3.215249520229995,-5.100926646850683,0,0
2025-02-26,1.24059536658107,1.7039453902424755,27.04929450129897,-3.215756333078675,-5.1017292645420165,0,0
2025-02-27,0.83315780985025,1.7042114296043092,27.05351774524117,-3.2162608410326192,-5.102528232070777,0,0
2025-02-28,-1.4404511438083099,1.70447625926132,27.05772178571464,-3.216763054943679,-5.103323566622576,0,0
2025-03-03,1.36400304761081,1.7047398849071846,27.0619067131037,-3.217262985609148,-5.10411528529662,0,0
2025-03-04,-1.07645560281603,1.7050023122069722,27.06607261733853,-3.2177606437720696,-5.1049034051062065,0,0
2025-03-05,5.14423376732902,1.7052635467973054,27.07021958789775,-3.2182560401215428,-5.105687942979199,0,0
2025-03-06,0.26189967355771,1.7055235942865206,27.07434771381093,-3.218749185293024,-5.106468915758516,0,0
2025-03-07,-2.0292329949920402,1.7057824602548266,27.078457083661142,-3.2192400898686317,-5.107246340202599,0,0
2025-03-10,-0.93323167035415,1.7060401502544615,27.082547785587437,-3.21972876437744,-5.108020232985892,0,0
2025-03-11,2.14304551863797,1.7062966698098512,27.086619907287353,-3.220215219295781,-5.10879061069931,0,0
2025-03-12,1.6944308576745102,1.7065520244177628,27.090673536019363,-3.220699465047537,-5.109557489850706,0,0
2025-03-13,1.59476327974056,1.7068062195474611,27.094708758605357,-3.221181512004434,-5.110320886865337,0,0
2025-03-14,-0.59377334725065,1.7070592606408619,27.09872566143307,-3.221661370486335,-5.111080818086327,0,0
2025-03-17,1.30573421058198,1.7073111531126839,27.10272433045849,-3.222139050761528,-5.111837299775119,0,0
2025-03-18,1.1988300203404,1.7075619023506006,27.10670485120829,-3.222614563047013,-5.1125903481119375,0,0
2025-03-19,1.64866543065142,1.7078115137153913,27.110667308782197,-3.2230879175087885,-5.113339979196237,0,0
2025-03-20,0.1771445065327,1.7080599925410906,27.114611787855395,-3.223559124262135,-5.114086209047151,0,0
2025-03-21,0.04915325117683,1.7083073441351364,27.118538372680838,-3.224028193371897,-5.11482905360394,0,0
2025-03-24,-0.46298590601730005,1.7085535737785187,27.122447147091645,-3.224495134852763,-5.115568528726437,0,0
2025-03-25,2.32273456816291,1.7087986867259253,27.126338194503404,-3.2249599586695434,-5.116304650195483,0,0
2025-03-26,0.6346783846993099,1.7090426882058882,27.13021159791649,-3.2254226747374477,-5.117037433713366,0,0
2025-03-27,-2.2980646449998603,1.7092855834209284,27.13406743991835,-3.2258832929223593,-5.117766894904263,0,0
2025-03-28,0.2938365143867,1.7095273775476991,27.137905802685818,-3.2263418230411056,-5.118493049314662,0,0
2025-03-31,-1.8258628772333598,1.7097680757371296,27.141726767987358,-3.226798274861734,-5.119215912413795,0,0
2025-04-01,-0.019920859062429998,1.7100076831145667,27.14553041718533,-3.227252658103776,-5.119935499594069,0,0
2025-04-02,0.08961737723839999,1.7102462047799156,27.149316831238213,-3.2277049824385178,-5.120651826171484,0,0
2025-04-03,-4.32219593275732,1.7104836458077808,27.15308609070286,-3.228155257489266,-5.121364907386054,1,0
2025-04-04,-9.282933543076071,1.7107200112476049,27.156838275736693,-3.228603492831611,-5.122074758402232,1,1
2025-04-07,-5.03993657433225,1.7109553061238068,27.16057346609988,-3.2290496979936893,-5.122781394309316,1,0
2025-04-08,-1.00043239088712,1.7111895354359197,27.164291741157555,-3.229493882456445,-5.123484830121868,0,0
2025-04-09,1.15621808367848,1.7114227041587275,27.167993179881964,-3.2299360556538876,-5.124185080780125,0,0
2025-04-10,3.4252788391153604,1.7116548172424007,27.171677860854622,-3.2303762269733514,-5.124882161150402,0,0
2025-04-11,4.2255834275526,1.7118858796126302,27.175345862268458,-3.2308144057557486,-5.125576086025501,0,0
2025-04-14,2.2593566204668,1.7121158961707632,27.17899726192994,-3.2312506012958266,-5.1262668701251135,0,0
2025-04-15,0.010848607792469999,1.712344871793935,27.18263213726119,-3.2316848228424178,-5.126954528096217,0,0
2025-04-16,1.3570423950692099,1.7125728113352008,27.18625056530208,-3.2321170795986904,-5.127639074513472,0,0
2025-04-17,1.22271179971653,1.712799719623669,27.189852622712316,-3.2325473807224006,-5.128320523879625,0,0
2025-04-21,-0.22216256357395,1.7130256014646301,27.193438385773526,-3.2329757353261366,-5.128998890625886,0,0
2025-04-22,3.11759364695023,1.7132504616396873,27.197007930391308,-3.233402152477568,-5.129674189112335,0,0
2025-04-23,-0.7212131979600199,1.7134743049068855,27.200561332097283,-3.2338266411996877,-5.130346433628299,0,0
2025-04-24,0.29941980225562,1.7136971360008386,27.204098666051117,-3.2342492104710563,-5.1310156383927366,0,0
2025-04-25,-0.29941980225562,1.7139189596328586,27.207620007042568,-3.2346698692260447,-5.131681817554625,0,0
2025-04-28,0.051688786552579996,1.7141397804910792,27.211125429493453,-3.2350886263550698,-5.1323449851933365,0,0
2025-04-29,-0.31052435334028,1.7143596032405852,27.2146150074597,-3.235505490704839,-5.13300515531902,0,0
2025-04-30,-5.60735206176222,1.714578432523534,27.218088814633266,-3.2359204710785803,-5.133662341872968,1,1
2025-05-01,0.45946714505171,1.7147962729592825,27.22154692434417,-3.236333576236284,-5.1343165587280035,0,0
2025-05-02,1.00994954023572,1.7150131291445085,27.22498940956242,-3.236744814894934,-5.134967819688834,0,0
2025-05-05,0.59251779698178,1.715229005653334,27.228416342899934,-3.237154195728738,-5.1356161384924315,0,0
2025-05-06,1.70397990347405,1.7154439070374474,27.231827796612542,-3.2375617273693633,-5.1362615288083955,0,0
2025-05-07,-2.53449340891049,1.7156578378262242,27.23522384260184,-3.2379674184061615,-5.1369040042393115,0,0
2025-05-08,-1.20949514533952,1.715870802526847,27.23860455241714,-3.2383712773864004,-5.137543578321122,0,0
2025-05-09,1.0902897168546402,1.7160828056244255,27.24196999725735,-3.2387733128154887,-5.1381802645234735,0,0
2025-05-12,-0.70733778872937,1.7162938515821156,27.24532024797287,-3.239173533157203,-5.138814076250086,0,0
2025-05-13,2.22471738593772,1.7165039448412358,27.24865537506745,-3.2395719468339075,-5.139445026839096,0,0
2025-05-14,-1.51737959720834,1.7167130898213876,27.251975448700083,-3.239968562226783,-5.140073129563418,0,0
2025-05-15,0.72389097464944,1.7169212909205684,27.255280538686822,-3.2403633876760427,-5.1406983976310885,0,0
2025-05-16,-1.93483753370833,1.7171285525152906,27.25857071450264,-3.240756431481154,-5.141320844185617,0,0
2025-05-19,1.6977242579215401,1.7173348789606948,27.26184604528325,-3.2411477019010575,-5.141940482306331,0,0
2025-05-20,-0.30260346385719,1.7175402745906645,27.265106599826925,-3.2415372071543813,-5.1425573250087195,0,0
2025-05-21,0.39967324893206996,1.7177447437179412,27.268352446596314,-3.241924955419661,-5.143171385244777,0,0
2025-05-22,0.22613382273055,1.7179482906342352,27.2715836537202,-3.2423109548355495,-5.1437826759033385,0,0
2025-05-23,3.3424580265433304,1.7181509196103397,27.27480028899533,-3.2426952135010336,-5.1443912098104185,0,0
2025-05-27,-2.02812436660701,1.7183526348962423,27.278002419888164,-3.2430777394756434,-5.14499699972955,0,0
2025-05-28,-1.41118407918775,1.7185534407212346,27.28119011353662,-3.2434585407796637,-5.1456000583621115,0,0
2025-05-29,0.2043566522742,1.7187533412940244,27.284363436751864,-3.243837625394344,-5.1462003983476645,0,0
2025-05-30,-0.021489952710010002,1.7189523408028435,27.28752245602002,-3.244215001262104,-5.146798032264278,0,0
2025-06-02,3.83729346807672,1.719150443415558,27.29066723750391,-3.244590676286742,-5.1473929726288565,0,0
2025-06-03,-0.51845031914189,1.7193476532797756,27.29379784704476,-3.24496465833364,-5.147985231897467,0,0
2025-06-04,1.13707710230535,1.7195439745229537,27.29691435016393,-3.2453369552299676,-5.148574822465661,0,0
2025-06-05,1.00225398163971,1.7197394112525064,27.300016812064598,-3.245707574764884,-5.149161756668794,0,0
2025-06-06,-1.71400327914012,1.7199339675559107,27.303105297633444,-3.2460765246897405,-5.149746046782349,0,0
2025-06-09,1.6325676622677001,1.7201276475008116,27.306179871442335,-3.246443812718281,-5.1503277050222485,0,0
2025-06-10,-0.5207608171614699,1.7203204551351279,27.309240597749987,-3.24680944652684,-5.150906743545173,0,0
2025-06-11,-1.7140266139437401,1.7205123944871565,27.312287540503636,-3.2471734337545413,-5.151483174448876,0,0
2025-06-12,0.42607923935449,1.720703469565675,27.31532076334065,-3.247535782003495,-5.15205700977249,0,0
2025-06-13,-0.38443294507410997,1.7208936843600469,27.318340329590207,-3.2478964988389927,-5.152628261496842,0,0
2025-06-16,0.48808375376288,1.7210830428403214,27.321346302274893,-3.2482555917897007,-5.153196941544757,0,0
2025-06-17,-0.54014929873575,1.7212715489573378,27.32433874411233,-3.248613068347855,-5.153763061781368,0,0
2025-06-18,0.92271403652984,1.7214592066428251,27.327317717516788,-3.248968935969453,-5.1543266340144145,0,0
2025-06-20,-0.39291905707601,1.7216460198095032,27.330283284600764,-3.249323202074442,-5.154887669994549,0,0
2025-06-23,0.35163385627902,1.7218319923511827,27.33323550717659,-3.249675874046912,-5.155446181415638,0,0
2025-06-24,0.49434019829372006,1.7220171281428651,27.336174446758,-3.2500269592352837,-5.156002179915056,0,0
2025-06-25,0.94070229135028,1.7222014310408402,27.339100164561703,-3.250376464952492,-5.156555677073987,0,0
2025-06-26,3.05680316592639,1.7223849048827857,27.342012721508944,-3.2507243984761796,-5.157106684417717,0,0
2025-06-27,0.05921175328644,1.7225675534878642,27.344912178227048,-3.251070767048874,-5.157655213415928,0,0
2025-06-30,-0.76248982961816,1.7227493806568197,27.347798595050953,-3.2514155778781775,-5.158201275482987,0,0
2025-07-01,0.35720714555227,1.7229303901720758,27.35067203202478,-3.251758838136949,-5.158744881978243,0,0
2025-07-02,1.9810456383350599,1.7231105857978295,27.353532548903296,-3.252100554963482,-5.159286044206304,0,0
2025-07-03,-1.0150398354574,1.723289971280148,27.356380205153474,-3.252440735461691,-5.159824773417334,0,0
2025-07-04,-1.55211006805824,1.7234685503470628,27.359215059955986,-3.2527793867012877,-5.1603610808073315,0,0
2025-07-07,-0.67979709217581,1.7236463267086641,27.362037172206684,-3.2531165157179602,-5.160894977518411,0,0
2025-07-08,12.44371105177899,1.7238233040571944,27.3648466005181,-3.253452129513551,-5.16142647463909,0,0
2025-07-09,-3.6347950175116597,1.7239994860671415,27.36764340322092,-3.253786235056233,-5.161955583204565,1,0
2025-07-10,1.90152329644215,1.724174876395331,27.370427638365456,-3.2541188392806855,-5.162482314196988,0,0
2025-07-11,0.25202424496245,1.7243494786810187,27.373199363723092,-3.2544499490882686,-5.163006678545747,0,0
2025-07-14,-0.8486090965581801,1.7245232965459814,27.37595863678776,-3.2547795713471963,-5.163528687127735,0,0
2025-07-15,0.56053193852702,1.724696333594608,27.37870551477736,-3.255107712892708,-5.164048350767628,0,0
2025-07-16,-0.8965419068541499,1.72486859341399,27.381440054635203,-3.2554343805272428,-5.164565680238153,0,0
2025-07-17,-0.19121251718409,1.7250400795740113,27.38416231303144,-3.2557595810206053,-5.165080686260363,0,0
2025-07-18,1.6630897874152,1.7252107956274374,27.38687234636447,-3.2560833211101388,-5.165593379503895,0,0
2025-07-21,0.5809515450518901,1.725380745110004,27.38957021076236,-3.256405607500892,-5.166103770587247,0,0
2025-07-22,1.52999082197381,1.7255499315405056,27.392255962084246,-3.2567264468657857,-5.166611870078037,0,0
2025-07-23,1.70557647717516,1.7257183584208828,27.394929655921704,-3.257045845845781,-5.167117688493269,0,0
2025-07-24,-0.31109817422889,1.72588602923631,27.397591347600166,-3.257363811050044,-5.167621236299593,0,0
2025-07-25,-0.2339542091162,1.726052947455282,27.40024109218028,-3.2576803490561086,-5.168122523913569,0,0
2025-07-28,-2.96716618591123,1.7262191165296992,27.402878944459268,-3.2579954664100415,-5.1686215617019196,0,0
2025-07-29,0.15180785029724,1.726384539894955,27.405504958972305,-3.2583091696266058,-5.169118359981794,0,0
2025-07-30,-0.59962980094913,1.7265492209700195,27.40811918999386,-3.258621465189418,-5.169612929021018,0,0
2025-07-31,-25.1712046899755,1.7267131631575252,27.410721691539052,-3.2589323595511153,-5.1701052790383555,1,1
2025-08-01,1.87583627880434,1.7268763698438503,27.413312517364968,-3.2592418591335095,-5.170595420203751,0,0
2025-08-04,0.056642476921320004,1.7270388443992029,27.415891720972,-3.2595499703277477,-5.171083362638592,0,0
2025-08-05,-1.16187932840617,1.7272005901777046,27.41845935560518,-3.2598566994944718,-5.171569116415952,0,0
2025-08-06,0.61679125353316,1.727361610517472,27.42101547425547,-3.260162052963972,-5.17205269156084,0,0
2025-08-07,-0.28507481716754,1.7275219087407003,27.423560129661073,-3.260466037036345,-5.172534098050446,0,0
2025-08-08,1.7433119829275898,1.7276814881537448,27.42609337430876,-3.2607686579816515,-5.173013345814395,0,0
2025-08-11,-0.72080645852464,1.7278403520472008,27.428615260435112,-3.2610699220400625,-5.1734904447349805,0,0
2025-08-12,1.90332742175072,1.7279985036959866,27.431125840027846,-3.261369835422022,-5.173965404647412,0,0
2025-08-13,-0.58951786648026,1.7281559463594223,27.43362516482706,-3.2616684043083928,-5.174438235340057,0,0
2025-08-14,-0.39121324246723005,1.72831268328131,27.43611328632652,-3.2619656348506108,-5.174908946554681,0,0
2025-08-15,0.30193399399284,1.7284687176900138,27.438590255774916,-3.2622615331708347,-5.175377547986681,0,0
2025-08-18,-0.47007104843415004,1.7286240527985381,27.441056124177113,-3.262556105362097,-5.175844049285332,0,0
2025-08-19,-1.0827956116400301,1.7287786918046064,27.443510942295394,-3.2628493574884505,-5.176308460054012,0,0
2025-08-20,0.38483801407969,1.7289326378907395,27.44595476065071,-3.2631412955851196,-5.176770789850448,0,0
2025-08-21,0.12418493801090999,1.7290858942243328,27.44838762952391,-3.263431925658644,-5.177231048186936,0,0
2025-08-22,0.36040742935226,1.7292384639577336,27.450809598956955,-3.263721253687028,-5.177689244530585,0,0
2025-08-25,0.42628685813746,1.7293903502283183,27.45322071875415,-3.264009285619885,-5.178145388303542,0,0
2025-08-26,-0.35886086139924,1.7295415561585679,27.45562103848334,-3.2642960273785806,-5.178599488883219,0,0
2025-08-27,-0.81218210527723,1.7296920848561441,27.45801060747713,-3.264581484856379,-5.179051555602524,0,0
2025-08-28,1.10385858296414,1.7298419394139652,27.460389474834077,-3.264865663918584,-5.179501597750087,0,0
2025-08-29,1.22468306693877,1.7299911229102807,27.46275768941987,-3.2651485704026832,-5.179949624570486,0,0
2025-09-02,1.12237356170585,1.7301396384087457,27.465115299868536,-3.2654302101184878,-5.180395645264467,0,0
2025-09-03,-0.24102020135148,1.7302874889584952,27.46746235458358,-3.2657105888482723,-5.1808396689891705,0,0
2025-09-04,-1.5586431517168,1.730434677594218,27.46979890173921,-3.2659897123469177,-5.181281704858355,0,0
2025-09-05,-0.12262060033472999,1.73058120733623,27.47212498928144,-3.2662675863420474,-5.181721761942609,0,0
2025-09-08,0.17831046647887,1.7307270811905466,27.474440664929286,-3.2665442165341663,-5.182159849269578,0,0
2025-09-09,0.23355300255341999,1.7308723021489556,27.476745976175913,-3.2668196085967987,-5.182595975824177,0,0
2025-09-10,1.08276966747339,1.7310168731890891,27.479040970289766,-3.267093768176624,-5.183030150548811,0,0
2025-09-11,0.88616491270664,1.7311607972744953,27.48132569431571,-3.2673667008936143,-5.183462382343587,0,0
2025-09-12,-0.043574574458139996,1.7313040773547095,27.483600195076164,-3.2676384123411673,-5.183892680066527,0,0
2025-09-15,1.4496124151625,1.731446716365325,27.485864519172235,-3.2679089080862416,-5.184321052533785,0,0
2025-09-16,-0.48447182133374,1.7315887172280644,27.488118712984825,-3.268178193669492,-5.184747508519857,0,0
2025-09-17,-1.34725631556488,1.7317300828508473,27.490362822675728,-3.268446274605398,-5.1851720567577875,0,0
2025-09-18,-0.65847932935611,1.7318708161278629,27.492596894188775,-3.2687131563824017,-5.185594705939384,0,0
2025-09-19,0.6147083897539399,1.7320109199396372,27.4948209732509,-3.2689788444630334,-5.186015464715424,0,0
2025-09-22,0.08751230140683,1.7321503971531023,27.497035105373232,-3.269243344284045,-5.186434341695855,0,0
2025-09-23,0.25115780623503,1.7322892506216654,27.499239335852213,-3.2695066612565413,-5.186851345450011,0,0
2025-09-24,3.5989794692393504,1.7324274831852766,27.501433709770648,-3.269768800766106,-5.187266484506808,0,0
2025-09-25,-1.11083392863963,1.7325650976704965,27.5036182719988,-3.270029768172932,-5.187679767354956,0,0
2025-09-26,0.32924609806409,1.7327020968905635,27.505793067195444,-3.2702895688119487,-5.18809120244315,0,0
2025-09-29,2.62663983907433,1.732838483645461,27.507958139808935,-3.270548207992949,-5.188500798180281,0,0
2025-09-30,-0.74643208088281,1.7329742607219836,27.51011353407827,-3.270805691000714,-5.188908562935632,0,0
2025-10-01,0.52930013391957,1.7331094308938035,27.512259294034124,-3.271062023095143,-5.189314505039074,0,0
2025-10-02,1.3876902206789599,1.733243996921537,27.514395463499927,-3.2713172095113716,-5.189718632781271,0,0
2025-10-03,3.21442553514948,1.7333779615528084,27.516522086092863,-3.2715712554599032,-5.19012095441387,0,0
2025-10-06,-1.41366413249618,1.7335113275223166,27.51863920522493,-3.2718241661267253,-5.190521478149697,0,0
2025-10-07,1.21575730093704,1.7336440975518992,27.52074686410396,-3.2720759466734393,-5.190920212162958,0,0
2025-10-08,-0.03962463037207,1.7337762743505967,27.522845105734635,-3.272326602237376,-5.191317164589422,0,0
2025-10-09,0.58291935222696,1.7339078606147171,27.524933972919523,-3.272576137931722,-5.191712343526624,0,0
2025-10-10,-4.57557121546094,1.734038859027899,27.527013508260065,-3.272824558845638,-5.192105757034047,1,0
2025-10-13,5.06692627393086,1.7341692722611752,27.52908375415759,-3.2730718700443795,-5.192497413133318,0,0
2025-10-14,-2.3808263054996,1.7342991029730357,27.531144752814317,-3.2733180765694154,-5.1928873198083965,0,0
2025-10-15,-0.17081338268076,1.73442835380949,27.533196546234347,-3.273563183438548,-5.193275485005759,0,0
2025-10-16,-0.28197276557006,1.73455702740413,27.535239176224657,-3.2738071956460315,-5.193661916634588,0,0
2025-10-17,-0.53592776413097,1.734685126378191,27.537272684396065,-3.2740501181626867,-5.194046622566963,0,0
2025-10-20,1.33946685130556,1.734812653340614,27.539297112164228,-3.2742919559360195,-5.194429610638034,0,0
2025-10-21,-1.36989081812145,1.7349396108881068,27.541312500750596,-3.274532713890338,-5.194810888646215,0,0
2025-10-22,0.62683731636311,1.7350660016052046,27.543318891183404,-3.2747723969268674,-5.195190464353367,0,0
2025-10-23,2.40975149630041,1.735191828064331,27.545316324298607,-3.275011009923863,-5.19556834548497,0,0
2025-10-24,0.22604026481397,1.735317092825858,27.54730484074085,-3.2752485577367274,-5.19594453973032,0,0
2025-10-27,0.91851203485773,1.7354417984381658,27.54928448096441,-3.2754850451981206,-5.19631905474269,0,0
2025-10-28,0.0,1.7355659474377025,27.55125528523416,-3.2757204771180772,-5.196691898139526,0,0
2025-10-29,1.79299066835026,1.7356895423490437,27.553217293626492,-3.2759548582841154,-5.197063077502613,0,0
2025-10-30,-3.01627742372471,1.7358125856849504,27.55517054603025,-3.27618819346135,-5.19743260037826,0,0
2025-10-31,-0.24646902180882002,1.7359350799464286,27.55711508214767,-3.2764204873926026,-5.197800474277469,0,0
2025-11-03,-0.36588128332634,1.7360570276227874,27.559050941495315,-3.276651744798514,-5.198166706676115,0,0
2025-11-04,-2.42666700483384,1.7361784311916966,27.56097816340497,-3.2768819703776533,-5.198531305015118,0,0
2025-11-05,0.74830367750562,1.7362992931192442,27.562896787024574,-3.2771111688066243,-5.198894276700618,0,0
2025-11-06,-0.35323091084347,1.7364196158599947,27.564806851319123,-3.2773393447401804,-5.199255629104144,0,0
2025-11-07,-0.15176195049082,1.7365394018570453,27.566708395071586,-3.2775665028113266,-5.199615369562789,0,0
2025-11-10,2.97278129771929,1.7366586535420818,27.56860145688378,-3.27779264763143,-5.199973505379375,0,0
2025-11-11,-0.75970632916709,1.7367773733354377,27.570486075177303,-3.278017783790327,-5.200330043822629,0,0
2025-11-12,0.8088402614459299,1.7368955636461467,27.572362288194384,-3.2782419158564275,-5.200684992127346,0,0
2025-11-13,-0.039301465230419996,1.7370132268720018,27.574230133998803,-3.278465048376824,-5.201038357494559,0,0
2025-11-14,-0.74973432960609,1.7371303653996084,27.576089650476753,-3.2786871858773936,-5.201390147091706,0,0
2025-11-17,-0.9851313783992901,1.737246981604441,27.577940875337713,-3.2789083328629047,-5.201740368052794,0,0
2025-11-18,-0.75282472031733,1.7373630778508966,27.579783846115333,-3.2791284938171197,-5.202089027478563,0,0
2025-11-19,0.91269480004112,1.7374786564923508,27.581618600168284,-3.2793476732028983,-5.202436132436656,0,0
2025-11-20,-0.97317171017257,1.7375937198712115,27.58344517468114,-3.2795658754623043,-5.202781689961775,0,0
2025-11-21,0.98315927428302,1.7377082703189721,27.585263606665215,-3.279783105016701,-5.203125707055842,0,0
2025-11-24,-0.9327625128735201,1.7378223101562669,27.587073932959434,-3.27999936626686,-5.203468190688174,0,0
2025-11-25,0.75290032502236,1.7379358416929223,27.58887619023115,-3.280214663593058,-5.203809147795621,0,0
2025-11-26,2.07846007616192,1.7380488672280119,27.590670414977033,-3.280429001355179,-5.204148585282748,0,0
2025-11-28,1.57438292466849,1.7381613890499086,27.592456643523875,-3.280642383892815,-5.204486510021977,0,0
2025-12-01,0.64394893457422,1.7382734094363366,27.59423491202942,-3.280854815525365,-5.204822928853756,0,0
2025-12-02,-1.11754707905999,1.7383849306544248,27.59600525648323,-3.2810663005521343,-5.205157848586709,0,0
2025-12-03,2.80848174419795,1.7384959549607575,27.59776771270747,-3.2812768432524324,-5.205491275997795,0,0
2025-12-04,-0.31133561458664,1.7386064846014273,27.599522316357753,-3.2814864478856722,-5.205823217832462,0,0
2025-12-05,1.6958269780918598,1.7387165218120855,27.60126910292394,-3.281695118691467,-5.206153680804803,0,0
2025-12-08,-0.32568630065428,1.7388260688179942,27.60300810773098,-3.281902859889727,-5.20648267159771,0,0
2025-12-09,-2.3386275095255202,1.738935127834076,27.604739365939672,-3.282109675680757,-5.206810196863023,0,0
2025-12-10,0.66565190818472,1.7390437010649664,27.606462912547517,-3.2823155702453506,-5.2071362632216855,0,0
2025-12-11,2.83130759017393,1.7391517907050618,27.608178782389487,-3.2825205477448876,-5.2074608772638955,0,0
2025-12-12,-2.67977097951513,1.7392593989385716,27.609887010138827,-3.282724612321428,-5.207784045549254,0,0
2025-12-15,1.0355925202554102,1.739366527939567,27.611587630307845,-3.2829277680978053,-5.208105774606916,0,0
2025-12-16,-0.96937077586615,1.7394731798720304,27.613280677248703,-3.283130019177723,-5.20842607093574,0,0
2025-12-17,1.43657579386248,1.7395793568899058,27.614966185154195,-3.283331369645845,-5.208744941004434,0,0
2025-12-18,0.05591393541615,1.7396850611371462,27.616644188058523,-3.283531823567892,-5.2090623912517025,0,0
2025-12-19,1.3511209772042299,1.7397902947477633,27.61831471983807,-3.283731384990731,-5.209378428086394,0,0
2025-12-22,-0.03677218149657,1.7398950598458758,27.61997781421218,-3.283930057942467,-5.209693057887648,0,0
2025-12-23,0.70554803600701,1.739999358545758,27.62163350474392,-3.2841278464325385,-5.210006287005037,0,0
2025-12-24,0.41004274057810997,1.7401031929518869,27.62328182484081,-3.284324754451803,-5.210318121758712,0,0
2025-12-26,4.75900058416753,1.7402065651589904,27.62492280775564,-3.284520785972632,-5.210628568439544,0,0
2025-12-29,-4.9045988830167895,1.7403094772520955,27.626556486587184,-3.284715944948998,-5.210937633309273,1,0
2025-12-30,4.22598074930342,1.7404119313065738,27.628182894280943,-3.284910235316566,-5.211245322600639,0,0
2025-12-31,-1.71696662066128,1.74051392938819,27.629802063629917,-3.2851036609927804,-5.211551642517533,0,0
2026-01-02,0.1774579358618,1.7406154735531476,27.631414027275323,-3.2852962258769565,-5.21185659923513,0,0
2026-01-05,4.921225150580169,1.7407165658481363,27.633018817707352,-3.285487933850366,-5.212160198900033,0,0
2026-01-06,1.44116388031032,1.7408172083103775,27.634616467265893,-3.285678788776326,-5.212462447630413,0,0
2026-01-07,-3.4099490508960195,1.7409174029676702,27.636207008141255,-3.2858687945002854,-5.2127633515161405,1,0
2026-01-08,-1.0817465155150099,1.7410171518384374,27.637790472374913,-3.2860579548499125,-5.21306291661893,0,0
2026-01-09,1.8790451803464499,1.741116456931771,27.63936689186021,-3.2862462736351805,-5.213361148972471,0,0
2026-01-12,2.18749330326478,1.741215320247477,27.640936298343078,-3.286433754648453,-5.213658054582567,0,0
2026-01-13,-0.25094690573744,1.741313743776121,27.64249872342278,-3.286620401664571,-5.21395363942727,0,0
2026-01-14,0.65114238888483,1.7414117294990727,27.64405419855257,-3.2868062184409363,-5.2142479094570175,0,0
2026-01-15,-1.02032952477668,1.7415092793885503,27.645602755040446,-3.286991208717595,-5.2145408705947585,0,0
2026-01-16,-2.71818592347448,1.7416063954076648,27.64714442404983,-3.2871753762173253,-5.214832528736096,0,0
2026-01-20,-0.26813265567879,1.7417030795104649,27.648679236600284,-3.2873587246457174,-5.215122889749415,0,0
2026-01-21,-0.75636001842843,1.741799333641979,27.650207223568177,-3.287541257691257,-5.21541195947601,0,0
2026-01-22,0.22663907619747,1.7418951597382608,27.65172841568741,-3.2877229790254097,-5.215699743730226,0,0
2026-01-23,2.89203580782759,1.7419905597264316,27.65324284355008,-3.287903892302703,-5.2159862482995765,0,0
2026-01-26,1.22742913300002,1.7420855355247236,27.654750537607182,-3.288084001160807,-5.216271478944886,0,0
2026-01-27,-2.63296330609804,1.7421800890425225,27.656251528169275,-3.288263309220615,-5.216555441400407,0,0
2026-01-28,1.09207008452449,1.7422742221804115,27.65774584540718,-3.2884418200863283,-5.216838141373957,0,0
2026-01-29,4.6909494425695,1.742367936830212,27.659233519352636,-3.2886195373455323,-5.217119584547042,0,0
2026-01-30,-4.6146118104016,1.7424612348750272,27.660714579898976,-3.2887964645692795,-5.217399776574982,1,0
2026-02-02,-1.63272413557205,1.7425541181892834,27.66218905680179,-3.288972605312168,-5.217678723087044,0,0
2026-02-03,4.40057784171301,1.7426465886387719,27.663656979679605,-3.2891479631124207,-5.217956429686556,0,0
2026-02-04,-3.9791561059169798,1.7427386480806912,27.665118378014526,-3.2893225414919653,-5.218232901951045,1,0
2026-02-05,-0.46452431480401,1.7428302983636876,27.66657328115291,-3.289496343956511,-5.218508145432352,0,0
2026-02-06,1.10612630306836,1.7429215413278967,27.668021718306,-3.2896693739956286,-5.21878216565676,0,0
2026-02-09,1.38038439305857,1.7430123788049843,27.66946371855059,-3.289841635082827,-5.219054968125114,0,0
2026-02-10,-0.82764196585656,1.7431028126181873,27.670899310829668,-3.2900131306756295,-5.219326558312948,0,0
2026-02-11,0.89489789684389,1.7431928445823544,27.672328523953063,-3.290183864215653,-5.2195969416705985,0,0
2026-02-12,-3.0377758462980498,1.7432824765039854,27.673751386598074,-3.2903538391286826,-5.219866123623337,0,0
2026-02-13,0.37186207526305004,1.7433717101812725,27.675167927310117,-3.2905230588247485,-5.22013410957148,0,0
2026-02-17,-2.79218389891496,1.7434605474041391,27.67657817450334,-3.2906915266982004,-5.220400904890513,0,0
2026-02-18,2.80944486087246,1.743548989954281,27.677982156461294,-3.2908592461277846,-5.220666514931213,0,0
2026-02-19,-1.10210561814048,1.7436370396052048,27.679379901337512,-3.2910262204767187,-5.22093094501976,0,0
2026-02-20,1.74729526704826,1.7437246981222663,27.68077143715616,-3.2911924530927634,-5.221194200457861,0,0
2026-02-23,-0.99966516155551,1.743811967262712,27.68215679181266,-3.291357947308301,-5.221456286522864,0,0
2026-02-24,2.56512183547639,1.7438988487757152,27.683535993074273,-3.2915227064404036,-5.221717208467876,0,0
2026-02-25,0.94938683394748,1.7439853444024178,27.684909068580772,-3.2916867337909133,-5.22197697152188,0,0
2026-02-26,-0.54500265899209,1.7440714558759656,27.68627604584499,-3.2918500326465083,-5.222235580889848,0,0
2026-02-27,0.96222782919539,1.7441571849215485,27.687636952253477,-3.2920126062787807,-5.222493041752858,0,0
2026-03-02,-1.8489498291913702,1.7442425332564382,27.688991815067066,-3.292174457944305,-5.222749359268209,0,0
2026-03-03,-2.07411987513938,1.7443275025900258,27.690340661421505,-3.292335590884712,-5.223004538569532,0,0
2026-03-04,1.40175238440753,1.74441209462386,27.691683518328038,-3.2924960083267605,-5.223258584766905,0,0
2026-03-05,-1.75745802217061,1.7444963110516838,27.693020412674006,-3.2926557134824077,-5.223511502946965,0,0
2026-03-06,0.06950803071056,1.7445801535594725,27.694351371223437,-3.292814709548879,-5.223763298173023,0,0
2026-03-09,0.75276058723092,1.7446636238254702,27.695676420617627,-3.292972999708739,-5.2240139754851675,0,0
2026-03-10,1.76859480809793,1.7447467235202276,27.69699558737575,-3.293130587129963,-5.224263539900386,0,0
2026-03-11,-0.9957921186446801,1.7448294543066383,27.698308897895416,-3.2932874749660055,-5.2245119964126685,0,0
2026-03-12,-0.35989598931909,1.7449118178399745,27.699616378453264,-3.2934436663558686,-5.224759349993117,0,0
2026-03-13,-1.9066377588966898,1.7449938157679246,27.700918055205534,-3.293599164424172,-5.225005605590057,0,0
2026-03-16,1.32118762926655,1.7450754497306287,27.702213954188647,-3.293753972281221,-5.225250768129145,0,0
2026-03-17,-1.1114142119103,1.7451567213607149,27.703504101319766,-3.2939080930230764,-5.22549484251348,0,0
2026-03-18,-3.05861588241427,1.7452376322833347,27.70478852239737,-3.2940615297316196,-5.225737833623705,0,0
2026-03-19,-2.20268873083426,1.745318184116199,27.706067243101828,-3.2942142854746224,-5.225979746318116,0,0
2026-03-20,-1.6797736235749101,1.7453983784696134,27.707340288995944,-3.2943663633058127,-5.226220585432774,0,0
2026-03-23,1.79933707470358,1.7454782169465133,27.70860768552553,-3.2945177662649434,-5.226460355781602,0,0
2026-03-24,-0.31301298885793,1.7455577011424992,27.709869458019963,-3.294668497377856,-5.226699062156496,0,0
2026-03-25,1.94499438274912,1.7456368326458713,27.71112563169272,-3.294818559656549,-5.226936709327428,0,0
2026-03-26,-1.50337638464527,1.7457156130376648,27.712376231641965,-3.2949679560992435,-5.227173302042552,0,0
2026-03-27,0.37568529861707,1.7457940438916832,27.713621282851047,-3.2951166896904467,-5.227408845028304,0,0
2026-03-30,0.16448554664745,1.7458721267745345,27.7148608101891,-3.2952647634010206,-5.227643342989508,0,0
2026-03-31,2.01571002328112,1.7459498632456638,27.716094838411546,-3.2954121801882432,-5.227876800609481,0,0
2026-04-01,0.65111903881707,1.7460272548573879,27.717323392160655,-3.2955589429958754,-5.228109222550129,0,0
2026-04-02,-1.09055999591873,1.7461043031549293,27.718546495966066,-3.295705054754224,-5.228340613452053,0,0
2026-04-06,0.36782360700273,1.7461810096764494,27.71976417424534,-3.2958505183802065,-5.228570977934648,0,0
2026-04-07,-0.70093808000449,1.7462573759530828,27.720976451304484,-3.295995336777413,-5.228800320596208,0,0
2026-04-08,3.80442473140937,1.7463334035089695,27.72218335133847,-3.2961395128361715,-5.229028646014017,0,0
2026-04-09,-0.199867658502,1.746409093861289,27.723384898431778,-3.296283049433609,-5.229255958744461,0,0
2026-04-10,2.10878305979878,1.7464844485202933,27.72458111655891,-3.296425949433716,-5.229482263323115,0,0
2026-04-13,1.78115957100108,1.7465594689893384,27.725772029584906,-3.296568215687405,-5.229707564264849,0,0
2026-04-14,1.5689537291392601,1.7466341567649188,27.726957661265878,-3.296709851032577,-5.229931866063925,0,0
2026-04-15,0.02470874559217,1.7467085133366986,27.728138035249515,-3.2968508582941807,-5.23015517319409,0,0
2026-04-16,-0.09061811693833,1.746782540187545,27.7293131750756,-3.296991240284274,-5.2303774901086815,0,0
2026-04-17,0.60804956810176,1.7468562387935591,27.730483104176514,-3.2971309998020857,-5.230598821240715,0,0
2026-04-20,-1.11208553845339,1.746929610624109,27.73164784587775,-3.2972701396340742,-5.230819171002988,0,0
2026-04-21,-0.5732044023659599,1.7470026571418609,27.732807423398413,-3.2974086625539902,-5.231038543788167,0,0
2026-04-22,1.95526182302608,1.7470753798028111,27.733961859851732,-3.2975465713229353,-5.2312569439688925,0,0
2026-04-23,-0.72977855745626,1.7471477800563187,27.735111178245564,-3.297683868689424,-5.231474375897866,0,0
2026-04-24,-0.8595812225127101,1.747219859345134,27.736255401482868,-3.2978205573894397,-5.231690843907948,0,0
2026-04-27,-0.09134808991143,1.7472916191054326,27.73739455236222,-3.297956640146496,-5.231906352312251,0,0
2026-04-28,-1.73479961339075,1.7473630607668453,27.738528653578303,-3.2980921196716957,-5.23212090540423,0,0
2026-04-29,-0.61053782620619,1.7474341857524887,27.739657727722395,-3.2982269986637887,-5.232334507457779,0,0
2026-04-30,0.8047844376794501,1.7475049954789965,27.74078179728286,-3.298361279809231,-5.2325471627273235,0,0
