Date,real,naive,sarimax,prophet,lstm
2023-06-21,3.91100001335144,3.878499984741211,3.8787751284804526,4.381598867893934,3.8775024857863234
2023-06-22,3.888499975204468,3.878499984741211,3.8787625112224853,4.353501291946767,3.8950752391942562
2023-06-23,3.805999994277954,3.878499984741211,3.8787630898116947,4.3103105703954805,3.893571454584674
2023-06-26,3.786499977111816,3.878499984741211,3.8787630632793473,4.330782686915949,3.8376077581467034
2023-06-27,3.7815001010894775,3.878499984741211,3.8787630644960402,4.358223428479096,3.7984937784482615
2023-06-28,3.7204999923706055,3.878499984741211,3.878763064440246,4.3163048764103,3.7907477406957075
2023-06-29,3.677500009536743,3.878499984741211,3.8787630644428046,4.2827161575825965,3.7537747833868313
2023-06-30,3.740999937057495,3.878499984741211,3.8787630644426874,4.328392022469557,3.7027485825712465
2023-07-03,3.7790000438690186,3.878499984741211,3.8787630644426927,4.330707204038623,3.721450765336471
2023-07-05,3.753499984741211,3.878499984741211,3.8787630644426923,4.293354582628628,3.7636420944241995
2023-07-06,3.7200000286102295,3.878499984741211,3.8787630644426923,4.321380756249983,3.763149683412394
2023-07-07,3.766999959945679,3.878499984741211,3.8787630644426923,4.405657609216124,3.7398000974301344
2023-07-10,3.7715001106262207,3.878499984741211,3.8787630644426923,4.4379161972014876,3.762127118655258
2023-07-11,3.753499984741211,3.878499984741211,3.8787630644426923,4.464205376518546,3.782920512179175
2023-07-12,3.8420000076293945,3.878499984741211,3.8787630644426923,4.570746468982563,3.778202889923023
2023-07-13,3.929500102996826,3.878499984741211,3.8787630644426923,4.636383520207778,3.828389973221164
2023-07-14,3.921999931335449,3.878499984741211,3.8787630644426923,4.624494078296756,3.9090097686379583
2023-07-17,3.8320000171661377,3.878499984741211,3.8787630644426923,4.6382812923707295,3.9307792068055964
2023-07-18,3.815999984741211,3.878499984741211,3.8787630644426923,4.633302094763335,3.8752265111809554
2023-07-19,3.799499988555908,3.878499984741211,3.8787630644426923,4.594452146986988,3.8258140316580698
2023-07-20,3.817500114440918,3.878499984741211,3.8787630644426923,4.544034095743043,3.79825700862574
2023-07-21,3.802999973297119,3.878499984741211,3.8787630644426923,4.520429221068557,3.7987217708908934
2023-07-24,3.8405001163482666,3.878499984741211,3.8787630644426923,4.486366761850855,3.799422205806082
2023-07-25,3.901999950408936,3.878499984741211,3.8787630644426923,4.496051836415437,3.817155585265994
2023-07-26,3.890500068664551,3.878499984741211,3.8787630644426923,4.517634665112979,3.867272010656024
2023-07-27,3.8635001182556152,3.878499984741211,3.8787630644426923,4.4332618249742435,3.8938101993176706
2023-07-28,3.9170000553131104,3.878499984741211,3.8787630644426923,4.447585354787434,3.867249408902808
2023-07-31,3.994499921798706,3.878499984741211,3.8787630644426923,4.427419916783547,3.8830605421669024
2023-08-01,3.8935000896453857,3.878499984741211,3.8787630644426923,4.384572975341611,3.9451003798334345
2023-08-02,3.827500104904175,3.878499984741211,3.8787630644426923,4.34733268675263,3.921942579601762
2023-08-03,3.875999927520752,3.878499984741211,3.8787630644426923,4.354326690555521,3.8544862208053705
2023-08-04,3.8450000286102295,3.878499984741211,3.8787630644426923,4.401573403201801,3.851950435755271
2023-08-07,3.812999963760376,3.878499984741211,3.8787630644426923,4.393523477605185,3.862022040309569
2023-08-08,3.747999906539917,3.878499984741211,3.8787630644426923,4.351883199617014,3.8438759045603494
2023-08-09,3.767499923706055,3.878499984741211,3.8787630644426923,4.3421204182311826,3.7847058312487154
2023-08-10,3.750999927520752,3.878499984741211,3.8787630644426923,4.327864885488833,3.7630834141942278
2023-08-11,3.714499950408936,3.878499984741211,3.8787630644426923,4.31163615804514,3.755826715370518
2023-08-14,3.724499940872192,3.878499984741211,3.8787630644426923,4.283352499604848,3.7343658021059984
2023-08-15,3.661499977111816,3.878499984741211,3.8787630644426923,4.282915774475831,3.7225435491327237
2023-08-16,3.65149998664856,3.878499984741211,3.8787630644426923,4.25569521067395,3.6900749237486825
2023-08-17,3.685499906539917,3.878499984741211,3.8787630644426923,4.263089996855193,3.6626688716504536
2023-08-18,3.6989998817443848,3.878499984741211,3.8787630644426923,4.261947914640348,3.6739019429986404
2023-08-21,3.711999893188477,3.878499984741211,3.8787630644426923,4.281633059448566,3.694708941461386
2023-08-22,3.750499963760376,3.878499984741211,3.8787630644426923,4.253441110596991,3.712603385842272
2023-08-23,3.803499937057495,3.878499984741211,3.8787630644426923,4.28630368242443,3.7328154973830014
2023-08-24,3.767499923706055,3.878499984741211,3.8787630644426923,4.216661229890663,3.778421885551268
2023-08-25,3.759999990463257,3.878499984741211,3.8787630644426923,4.209980585189821,3.7713791353623667
2023-08-28,3.753999948501587,3.878499984741211,3.8787630644426923,4.237664575246312,3.7560242064180334
2023-08-29,3.7929999828338623,3.878499984741211,3.8787630644426923,4.294211056003011,3.754151771853089
2023-08-30,3.785000085830689,3.878499984741211,3.8787630644426923,4.310492399500781,3.787186538240008
2023-08-31,3.7725000381469727,3.878499984741211,3.8787630644426923,4.269651416526961,3.802058491855917
2023-09-01,3.8125,3.878499984741211,3.8787630644426923,4.216545965578661,3.784162950302545
2023-09-05,3.811000108718872,3.878499984741211,3.8787630644426923,4.178079361012543,3.78468717931645
2023-09-06,3.748500108718872,3.878499984741211,3.8787630644426923,4.173019133186658,3.7906277100257175
2023-09-07,3.7260000705718994,3.878499984741211,3.8787630644426923,4.153088374579606,3.76825965454961
2023-09-08,3.680500030517578,3.878499984741211,3.8787630644426923,4.146871618538578,3.739393704741247
2023-09-11,3.7699999809265137,3.878499984741211,3.8787630644426923,4.193866306982335,3.704541142979196
2023-09-12,3.752000093460083,3.878499984741211,3.8787630644426923,4.178231278230129,3.7453855831228684
2023-09-13,3.75600004196167,3.878499984741211,3.8787630644426923,4.167873525599931,3.76467782525117
2023-09-14,3.7825000286102295,3.878499984741211,3.8787630644426923,4.110132561354676,3.7640436595541478
2023-09-15,3.763499975204468,3.878499984741211,3.8787630644426923,4.118382151577324,3.7643815886798966
2023-09-18,3.741499900817871,3.878499984741211,3.8787630644426923,4.13148848678107,3.76349419557306
2023-09-19,3.71399998664856,3.878499984741211,3.8787630644426923,4.12450588335708,3.7561670582757363
2023-09-20,3.746500015258789,3.878499984741211,3.8787630644426923,4.10346303698154,3.735148963826646
2023-09-21,3.6665000915527344,3.878499984741211,3.8787630644426923,4.09720980110507,3.7383412968924863
2023-09-22,3.6654999256134033,3.878499984741211,3.8787630644426923,4.075688663933864,3.7042337152485634
2023-09-25,3.649499893188477,3.878499984741211,3.8787630644426923,4.0368102365094485,3.6766345607927637
2023-09-26,3.625,3.878499984741211,3.8787630644426923,4.00754256006436,3.656275428138884
2023-09-27,3.627000093460083,3.878499984741211,3.8787630644426923,3.957916594246417,3.636046420141867
2023-09-28,3.694499969482422,3.878499984741211,3.8787630644426923,4.0113066674325175,3.6248877370882444
2023-09-29,3.7260000705718994,3.878499984741211,3.8787630644426923,4.007240227993306,3.671570451465471
2023-10-02,3.631999969482422,3.878499984741211,3.8787630644426923,3.9336332145071204,3.7171803505856933
2023-10-03,3.615499973297119,3.878499984741211,3.8787630644426923,3.9256148637909143,3.6700115887970814
2023-10-04,3.5840001106262207,3.878499984741211,3.8787630644426923,3.9527267336443956,3.6247102145799777
2023-10-05,3.546999931335449,3.878499984741211,3.8787630644426923,3.988357314257222,3.602763253904073
2023-10-06,3.624500036239624,3.878499984741211,3.8787630644426923,4.012183956563036,3.5842892830159774
2023-10-09,3.642499923706055,3.878499984741211,3.8787630644426923,4.022056779121316,3.615100958511363
2023-10-10,3.631999969482422,3.878499984741211,3.8787630644426923,4.048236181858225,3.645361195115186
2023-10-11,3.614000082015991,3.878499984741211,3.8787630644426923,4.047491350341738,3.650933075869091
2023-10-12,3.594000101089477,3.878499984741211,3.8787630644426923,3.9703727672783238,3.634126148856524
2023-10-13,3.5799999237060547,3.878499984741211,3.8787630644426923,3.969317999602668,3.599069074143046
2023-10-16,3.586999893188477,3.878499984741211,3.8787630644426923,4.020887113390039,3.5812729364169233
2023-10-17,3.575500011444092,3.878499984741211,3.8787630644426923,4.021480110212551,3.5931686999467733
2023-10-18,3.5820000171661377,3.878499984741211,3.8787630644426923,3.985183259948141,3.5951361496490226
2023-10-19,3.5915000438690186,3.878499984741211,3.8787630644426923,4.019027748329483,3.588160985285271
2023-10-20,3.5420000553131104,3.878499984741211,3.8787630644426923,4.02118383033674,3.5953147693297756
2023-10-23,3.572999954223633,3.878499984741211,3.8787630644426923,4.078174729199277,3.574051566547269
2023-10-24,3.609999895095825,3.878499984741211,3.8787630644426923,4.025977726603743,3.580599053075901
2023-10-25,3.572000026702881,3.878499984741211,3.8787630644426923,3.9987305480588,3.597449866987916
2023-10-26,3.56850004196167,3.878499984741211,3.8787630644426923,3.979606361071393,3.58571275459957
2023-10-27,3.634000062942505,3.878499984741211,3.8787630644426923,3.997193778212781,3.571548257802761
2023-10-30,3.649499893188477,3.878499984741211,3.8787630644426923,4.041685485017318,3.6067633253542515
2023-10-31,3.641499996185303,3.878499984741211,3.8787630644426923,3.985359118310803,3.6490520833587543
2023-11-01,3.6449999809265137,3.878499984741211,3.8787630644426923,3.9801161074154994,3.6489320526887643
2023-11-02,3.6670000553131104,3.878499984741211,3.8787630644426923,4.031969249602049,3.643685373859768
2023-11-03,3.674499988555908,3.878499984741211,3.8787630644426923,4.127143088851434,3.664309363951816
2023-11-06,3.7095000743865967,3.878499984741211,3.8787630644426923,4.12145208053615,3.6948147088890555
2023-11-07,3.670000076293945,3.878499984741211,3.8787630644426923,4.091031152386427,3.715540077718828
2023-11-08,3.628000020980835,3.878499984741211,3.8787630644426923,4.092265012578091,3.6920063861933845
2023-11-09,3.634999990463257,3.878499984741211,3.8787630644426923,4.052927191119126,3.6528996478333515
2023-11-10,3.5834999084472656,3.878499984741211,3.8787630644426923,4.063558667161793,3.633250824647036
2023-11-13,3.662499904632568,3.878499984741211,3.8787630644426923,4.082002178343659,3.6095990773620774
2023-11-14,3.682499885559082,3.878499984741211,3.8787630644426923,4.238014036310859,3.6421003984862073
2023-11-15,3.7174999713897705,3.878499984741211,3.8787630644426923,4.20080665750321,3.7020569250359476
2023-11-16,3.704499959945679,3.878499984741211,3.8787630644426923,4.19804767153613,3.727763676387554
2023-11-17,3.737499952316284,3.878499984741211,3.8787630644426923,4.255058048749141,3.7173912271375404
2023-11-20,3.8125,3.878499984741211,3.8787630644426923,4.2919357773510605,3.7319834017694693
2023-11-21,3.814500093460083,3.878499984741211,3.8787630644426923,4.2855651314188234,3.7873943427088936
2023-11-22,3.766499996185303,3.878499984741211,3.8787630644426923,4.252154380849333,3.815366096941006
2023-11-23,3.7790000438690186,3.878499984741211,3.8787630644426923,4.2563569787309445,3.7870210846290893
2023-11-24,3.796499967575073,3.878499984741211,3.8787630644426923,4.3039220030874885,3.773496019957236
2023-11-27,3.762500047683716,3.878499984741211,3.8787630644426923,4.331297447828728,3.792931772246732
2023-11-28,3.8010001182556152,3.878499984741211,3.8787630644426923,4.367148511391508,3.7905397167923245
2023-11-29,3.78600001335144,3.878499984741211,3.8787630644426923,4.356277139446584,3.804576283277243
2023-11-30,3.828999996185303,3.878499984741211,3.8787630644426923,4.291629448686809,3.8004939238905995
2023-12-01,3.908999919891357,3.878499984741211,3.8787630644426923,4.32566562566322,3.8055084410215163
2023-12-04,3.820499897003174,3.878499984741211,3.8787630644426923,4.289218955267075,3.865653022935391
2023-12-05,3.7725000381469727,3.878499984741211,3.8787630644426923,4.255919692134138,3.848537351585208
2023-12-06,3.7165000438690186,3.878499984741211,3.8787630644426923,4.2313284332882475,3.7936341820723958
2023-12-07,3.784499883651733,3.878499984741211,3.8787630644426923,4.286657797324722,3.737459609082578
2023-12-08,3.819999933242798,3.878499984741211,3.8787630644426923,4.254919305430028,3.7654899523254532
2023-12-11,3.7799999713897705,3.878499984741211,3.8787630644426923,4.246760258256854,3.80754786523886
2023-12-12,3.78600001335144,3.878499984741211,3.8787630644426923,4.275356357304171,3.8012470230851254
2023-12-13,3.78600001335144,3.878499984741211,3.8787630644426923,4.355229250287815,3.7938362812443533
2023-12-14,3.888499975204468,3.878499984741211,3.8787630644426923,4.446767794073063,3.803487010432946
2023-12-15,3.884999990463257,3.878499984741211,3.8787630644426923,4.389513432407975,3.8726874346133973
2023-12-18,3.848000049591065,3.878499984741211,3.8787630644426923,4.3987969125377795,3.8906709694001624
2023-12-19,3.8959999084472656,3.878499984741211,3.8787630644426923,4.444360720502711,3.864731178612488
2023-12-20,3.90149998664856,3.878499984741211,3.8787630644426923,4.4027365576831885,3.8796382417479554
2023-12-21,3.908499956130981,3.878499984741211,3.8787630644426923,4.4704689231930885,3.892082372086407
2023-12-22,3.8954999446868896,3.878499984741211,3.8787630644426923,4.480549398029741,3.9125404696985417
2023-12-26,3.8954999446868896,3.878499984741211,3.8787630644426923,4.521607331726654,3.910851043504295
2023-12-27,3.94350004196167,3.878499984741211,3.8787630644426923,4.572221933124015,3.905583518398061
2023-12-28,3.913000106811523,3.878499984741211,3.8787630644426923,4.5482809711165935,3.934597805926558
2023-12-29,3.880500078201294,3.878499984741211,3.8787630644426923,4.539369514087638,3.9276915439949396
2024-01-02,3.86899995803833,3.878499984741211,3.8787630644426923,4.484761141552795,3.8955683085095534
2024-01-03,3.847500085830689,3.878499984741211,3.8787630644426923,4.456063617115978,3.8615057109375646
2024-01-04,3.8310000896453857,3.878499984741211,3.8787630644426923,4.463423718704229,3.8417263242253914
2024-01-05,3.794500112533569,3.878499984741211,3.8787630644426923,4.471558326080397,3.8351347313628144
2024-01-08,3.799499988555908,3.878499984741211,3.8787630644426923,4.50396721116298,3.816920132050456
2024-01-09,3.748500108718872,3.878499984741211,3.8787630644426923,4.477794068430789,3.8108218279376733
2024-01-10,3.7809998989105225,3.878499984741211,3.8787630644426923,4.495479171356975,3.7768143084244916
2024-01-11,3.77649998664856,3.878499984741211,3.8787630644426923,4.493422673061261,3.777235183790197
2024-01-12,3.740000009536743,3.878499984741211,3.8787630644426923,4.488403396770249,3.7819999844632552
2024-01-16,3.766499996185303,3.878499984741211,3.8787630644426923,4.412659037159751,3.7622903779212042
2024-01-17,3.732500076293945,3.878499984741211,3.8787630644426923,4.402819903759784,3.7493290404727593
2024-01-18,3.744999885559082,3.878499984741211,3.8787630644426923,4.39414538890729,3.736195885812976
2024-01-19,3.786999940872192,3.878499984741211,3.8787630644426923,4.410423229398512,3.739676116939194
2024-01-22,3.763999938964844,3.878499984741211,3.8787630644426923,4.4054363884350565,3.7720644292972456
2024-01-23,3.7904999256134033,3.878499984741211,3.8787630644426923,4.3812769119612245,3.7778039580070417
2024-01-24,3.882499933242798,3.878499984741211,3.8787630644426923,4.404946989527234,3.7823978192067504
2024-01-25,3.865499973297119,3.878499984741211,3.8787630644426923,4.378277553547653,3.8419626551789183
2024-01-26,3.850500106811523,3.878499984741211,3.8787630644426923,4.380576420829867,3.864870519518235
2024-01-29,3.872999906539917,3.878499984741211,3.8787630644426923,4.382196690235805,3.8574376147932417
2024-01-30,3.9065001010894775,3.878499984741211,3.8787630644426923,4.391449992792281,3.862447304365219
2024-01-31,3.902499914169312,3.878499984741211,3.8787630644426923,4.365847303440913,3.890239780613087
2024-02-01,3.8524999618530273,3.878499984741211,3.8787630644426923,4.418736713762467,3.900808843172627
2024-02-02,3.821500062942505,3.878499984741211,3.8787630644426923,4.338061244343363,3.882965746464095
2024-02-05,3.7720000743865967,3.878499984741211,3.8787630644426923,4.3010462310112025,3.8351731323998313
2024-02-06,3.7825000286102295,3.878499984741211,3.8787630644426923,4.3360602285870815,3.7831537710497405
2024-02-07,3.737499952316284,3.878499984741211,3.8787630644426923,4.350195133954889,3.780784756217543
2024-02-08,3.705499887466431,3.878499984741211,3.8787630644426923,4.349201028343919,3.768916421999848
2024-02-09,3.686000108718872,3.878499984741211,3.8787630644426923,4.367163268529605,3.737905938849963
2024-02-12,3.7284998893737793,3.878499984741211,3.8787630644426923,4.3853944576595705,3.7099376955698067
2024-02-13,3.71399998664856,3.878499984741211,3.8787630644426923,4.320164092897263,3.719370745737138
2024-02-14,3.700500011444092,3.878499984741211,3.8787630644426923,4.344531809954635,3.7127359242786047
2024-02-15,3.756500005722046,3.878499984741211,3.8787630644426923,4.394817395801309,3.70714253894397
2024-02-16,3.838000059127808,3.878499984741211,3.8787630644426923,4.404474367460644,3.7422292373145756
2024-02-20,3.866499900817871,3.878499984741211,3.8787630644426923,4.459436014967085,3.806721255487759
2024-02-21,3.874500036239624,3.878499984741211,3.8787630644426923,4.4753854824756765,3.8548177863306994
2024-02-22,3.8975000381469727,3.878499984741211,3.8787630644426923,4.485325393843902,3.873155268961512
2024-02-23,3.881999969482422,3.878499984741211,3.8787630644426923,4.488634222199035,3.8862800851104002
2024-02-26,3.8239998817443848,3.878499984741211,3.8787630644426923,4.524499089239628,3.883760977082091
2024-02-27,3.8310000896453857,3.878499984741211,3.8787630644426923,4.522816210451943,3.853233030391636
2024-02-28,3.827500104904175,3.878499984741211,3.8787630644426923,4.515998508231679,3.8373356593701264
2024-02-29,3.8345000743865967,3.878499984741211,3.8787630644426923,4.4994331226973605,3.833323080153605
2024-03-01,3.8550000190734863,3.878499984741211,3.8787630644426923,4.5211437213456795,3.8350991829742616
2024-03-04,3.8519999980926514,3.878499984741211,3.8787630644426923,4.52193582568183,3.8521222529666095
2024-03-05,3.8440001010894775,3.878499984741211,3.8787630644426923,4.53196453236214,3.858996477461631
2024-03-06,3.870500087738037,3.878499984741211,3.8787630644426923,4.5614254440554864,3.8551734896507246
2024-03-07,3.919500112533569,3.878499984741211,3.8787630644426923,4.609252821836118,3.870190270034812
2024-03-08,3.884999990463257,3.878499984741211,3.8787630644426923,4.605631113074385,3.9120399396103385
2024-03-11,3.922499895095825,3.878499984741211,3.8787630644426923,4.58569429734796,3.9085079219427716
2024-03-12,3.924999952316284,3.878499984741211,3.8787630644426923,4.576161491902474,3.9120035134837967
2024-03-13,4.052499771118164,3.878499984741211,3.8787630644426923,4.579774926652407,3.918321471528316
2024-03-14,4.037000179290772,3.878499984741211,3.8787630644426923,4.526110952112244,3.995819372352884
2024-03-15,4.112500190734863,3.878499984741211,3.8787630644426923,4.515283490083522,4.025526414589166
2024-03-18,4.114500045776367,3.878499984741211,3.8787630644426923,4.487759579193993,4.068994194147336
2024-03-19,4.058499813079834,3.878499984741211,3.8787630644426923,4.462895973850029,4.092509453175012
2024-03-20,4.03849983215332,3.878499984741211,3.8787630644426923,4.503641652576945,4.0667805389391845
2024-03-21,4.046500205993652,3.878499984741211,3.8787630644426923,4.438933044851974,4.048709669222518
2024-03-22,3.996000051498413,3.878499984741211,3.8787630644426923,4.389618495915256,4.037565907714708
2024-03-25,4.006999969482422,3.878499984741211,3.8787630644426923,4.41762247402076,4.004591705249027
2024-03-26,3.996000051498413,3.878499984741211,3.8787630644426923,4.413669742267979,4.0038759099190315
2024-03-27,3.992500066757202,3.878499984741211,3.8787630644426923,4.405884197790591,4.00397860526374
2024-03-28,4.003499984741211,3.878499984741211,3.8787630644426923,4.382661285305669,3.9994554019721424
2024-04-01,4.046000003814697,3.878499984741211,3.8787630644426923,4.361577822775127,3.9978173234502496
2024-04-02,4.070000171661377,3.878499984741211,3.8787630644426923,4.380182173999777,4.018359025605832
2024-04-03,4.192999839782715,3.878499984741211,3.8787630644426923,4.42574229253898,4.052179586927366
2024-04-04,4.246500015258789,3.878499984741211,3.8787630644426923,4.431151447802794,4.144656744836993
2024-04-05,4.239500045776367,3.878499984741211,3.8787630644426923,4.427019570218917,4.217556615206405
2024-04-08,4.276999950408936,3.878499984741211,3.8787630644426923,4.450932131874504,4.230054945865675
2024-04-09,4.285999774932861,3.878499984741211,3.8787630644426923,4.457965308241144,4.2483478832935475
2024-04-10,4.2820000648498535,3.878499984741211,3.8787630644426923,4.3529032655672,4.267044360761844
2024-04-11,4.251999855041504,3.878499984741211,3.8787630644426923,4.34960114973794,4.256237870076291
2024-04-12,4.257500171661377,3.878499984741211,3.8787630644426923,4.274099066139755,4.240710465617127
2024-04-15,4.379000186920166,3.878499984741211,3.8787630644426923,4.259897609956649,4.231294311906083
2024-04-16,4.305500030517578,3.878499984741211,3.8787630644426923,4.247176678138844,4.30878672686822
2024-04-17,4.34250020980835,3.878499984741211,3.8787630644426923,4.274989604484005,4.314811959293422
2024-04-18,4.440499782562256,3.878499984741211,3.8787630644426923,4.255514593503449,4.327435148181621
2024-04-19,4.501999855041504,3.878499984741211,3.8787630644426923,4.257604270539301,4.387688130737132
2024-04-22,4.500500202178955,3.878499984741211,3.8787630644426923,4.25188013437085,4.4579626867815705
2024-04-23,4.490499973297119,3.878499984741211,3.8787630644426923,4.293321950780253,4.481334874517046
2024-04-24,4.4670000076293945,3.878499984741211,3.8787630644426923,4.278457758508875,4.481937222211968
2024-04-25,4.570499897003174,3.878499984741211,3.8787630644426923,4.299814357023786,4.461749248465935
2024-04-26,4.568999767303467,3.878499984741211,3.8787630644426923,4.256308992985061,4.51930165066392
2024-04-29,4.658999919891357,3.878499984741211,3.8787630644426923,4.285302377142923,4.54574416588477
2024-04-30,4.564499855041504,3.878499984741211,3.8787630644426923,4.223177848452786,4.608653183594868
2024-05-01,4.552499771118164,3.878499984741211,3.8787630644426923,4.229788439286663,4.567711753403415
2024-05-02,4.49399995803833,3.878499984741211,3.8787630644426923,4.307461482231005,4.5350776744084556
2024-05-03,4.573500156402588,3.878499984741211,3.8787630644426923,4.337737851729148,4.512436422983285
2024-05-06,4.634500026702881,3.878499984741211,3.8787630644426923,4.328362159877434,4.552093283627897
2024-05-07,4.625500202178955,3.878499984741211,3.8787630644426923,4.302011778575487,4.6048038636442925
2024-05-08,4.561999797821045,3.878499984741211,3.8787630644426923,4.285386784831365,4.608354752678622
2024-05-09,4.607500076293945,3.878499984741211,3.8787630644426923,4.322398444643742,4.560518690583905
2024-05-10,4.69350004196167,3.878499984741211,3.8787630644426923,4.311902106952102,4.574167077443207
2024-05-13,4.804500102996826,3.878499984741211,3.8787630644426923,4.318039562189203,4.64200327735432
2024-05-14,4.953499794006348,3.878499984741211,3.8787630644426923,4.340439953527776,4.741088924582812
2024-05-15,4.9695000648498535,3.878499984741211,3.8787630644426923,4.400123009749155,4.869379109048907
2024-05-16,4.892000198364258,3.878499984741211,3.8787630644426923,4.3779987566969645,4.9303810215434964
2024-05-17,5.057000160217285,3.878499984741211,3.8787630644426923,4.381011969090126,4.8756566911459345
2024-05-20,5.087500095367432,3.878499984741211,3.8787630644426923,4.367728969456089,4.94777647187766
2024-05-21,5.11899995803833,3.878499984741211,3.8787630644426923,4.368355480233598,5.022080503594907
2024-05-22,4.867499828338623,3.878499984741211,3.8787630644426923,4.333333824225312,5.06257670119146
2024-05-23,4.816500186920166,3.878499984741211,3.8787630644426923,4.313538781079179,4.906372693200524
2024-05-24,4.778500080108643,3.878499984741211,3.8787630644426923,4.346581690908221,4.797986314806536
2024-05-28,4.875500202178955,3.878499984741211,3.8787630644426923,4.35705831584737,4.773147646326009
2024-05-29,4.805500030517578,3.878499984741211,3.8787630644426923,4.296779013361567,4.840502626384676
2024-05-30,4.671999931335449,3.878499984741211,3.8787630644426923,4.328144369263866,4.813731398286961
2024-05-31,4.610000133514404,3.878499984741211,3.8787630644426923,4.336191796133514,4.707625822057281
2024-06-03,4.677000045776367,3.878499984741211,3.8787630644426923,4.384145498338661,4.623284417567305
2024-06-04,4.547999858856201,3.878499984741211,3.8787630644426923,4.3802384681659134,4.652803404439453
2024-06-05,4.619500160217285,3.878499984741211,3.8787630644426923,4.361793421954607,4.599013865000131
2024-06-06,4.690999984741211,3.878499984741211,3.8787630644426923,4.376244151434596,4.59339239204985
2024-06-07,4.494500160217285,3.878499984741211,3.8787630644426923,4.294751389084306,4.647529954601794
2024-06-10,4.55649995803833,3.878499984741211,3.8787630644426923,4.269469190953323,4.54103751535348
2024-06-11,4.5229997634887695,3.878499984741211,3.8787630644426923,4.25653177700182,4.511533888896139
2024-06-12,4.581500053405762,3.878499984741211,3.8787630644426923,4.298569184995715,4.508589077943185
2024-06-13,4.507500171661377,3.878499984741211,3.8787630644426923,4.26265545681405,4.557299147640407
2024-06-14,4.551000118255615,3.878499984741211,3.8787630644426923,4.221081049446348,4.524924659655682
2024-06-17,4.521500110626221,3.878499984741211,3.8787630644426923,4.250113297121095,4.514117071797642
2024-06-18,4.561999797821045,3.878499984741211,3.8787630644426923,4.256510777925773,4.511363827160778
2024-06-20,4.618000030517578,3.878499984741211,3.8787630644426923,4.218040507035026,4.536561709913286
2024-06-21,4.49399995803833,3.878499984741211,3.8787630644426923,4.199196594772944,4.57524230647968
2024-06-24,4.526999950408936,3.878499984741211,3.8787630644426923,4.243907034808679,4.514983399192744
2024-06-25,4.38100004196167,3.878499984741211,3.8787630644426923,4.237963951162314,4.504988816146977
2024-06-26,4.367499828338623,3.878499984741211,3.8787630644426923,4.189748616339714,4.426973708212415
2024-06-27,4.328499794006348,3.878499984741211,3.8787630644426923,4.209061247510843,4.36946585121737
2024-06-28,4.390500068664551,3.878499984741211,3.8787630644426923,4.215564689529771,4.340746044784169
2024-07-01,4.426499843597412,3.878499984741211,3.8787630644426923,4.224246686672483,4.371118412416081
2024-07-02,4.429500102996826,3.878499984741211,3.8787630644426923,4.242901753263917,4.410128380162831
2024-07-03,4.540999889373779,3.878499984741211,3.8787630644426923,4.284978740065474,4.423885387098267
2024-07-05,4.6585001945495605,3.878499984741211,3.8787630644426923,4.3312512750972845,4.49314527802747
2024-07-08,4.622000217437744,3.878499984741211,3.8787630644426923,4.324086405832755,4.6008217858228875
2024-07-09,4.578000068664551,3.878499984741211,3.8787630644426923,4.313978296630145,4.611112824874425
2024-07-10,4.607500076293945,3.878499984741211,3.8787630644426923,4.323658535719396,4.565809475746846
2024-07-11,4.508500099182129,3.878499984741211,3.8787630644426923,4.379707293048963,4.56940293507364
2024-07-12,4.598499774932861,3.878499984741211,3.8787630644426923,4.419141188546917,4.537284527147193
2024-07-15,4.52899980545044,3.878499984741211,3.8787630644426923,4.406872997674349,4.5721759288152555
2024-07-16,4.443999767303467,3.878499984741211,3.8787630644426923,4.408768802461054,4.546913971189554
2024-07-17,4.39900016784668,3.878499984741211,3.8787630644426923,4.451210663250989,4.47219871922448
2024-07-18,4.265999794006348,3.878499984741211,3.8787630644426923,4.408203648884739,4.420056913424929
2024-07-19,4.218999862670898,3.878499984741211,3.8787630644426923,4.383253617727524,4.319386729691871
2024-07-22,4.180500030517578,3.878499984741211,3.8787630644426923,4.389561229212781,4.243339510328553
2024-07-23,4.145999908447266,3.878499984741211,3.8787630644426923,4.372348310959387,4.203883432248915
2024-07-24,4.098999977111816,3.878499984741211,3.8787630644426923,4.371509093259398,4.171350512557183
2024-07-25,4.112500190734863,3.878499984741211,3.8787630644426923,4.372046990890047,4.130938138938575
2024-07-26,4.104499816894531,3.878499984741211,3.8787630644426923,4.380383027983658,4.11799742833287
2024-07-29,4.061999797821045,3.878499984741211,3.8787630644426923,4.348868093688123,4.113655039066998
2024-07-30,4.063000202178955,3.878499984741211,3.8787630644426923,4.341412725446913,4.081442054872241
2024-07-31,4.159999847412109,3.878499984741211,3.8787630644426923,4.392166204806877,4.0634600561269565
2024-08-01,4.066500186920166,3.878499984741211,3.8787630644426923,4.357821450428039,4.126423274157872
2024-08-02,4.084000110626221,3.878499984741211,3.8787630644426923,4.459825957451307,4.102389271978723
2024-08-05,3.983999967575073,3.878499984741211,3.8787630644426923,4.513033392475444,4.09814233671915
2024-08-06,4.011499881744385,3.878499984741211,3.8787630644426923,4.482247068159468,4.047064788231211
2024-08-07,3.9375,3.878499984741211,3.8787630644426923,4.457857794670695,4.017962288034823
2024-08-08,3.944999933242798,3.878499984741211,3.8787630644426923,4.445672171559478,3.9690046962247156
2024-08-09,3.9800000190734863,3.878499984741211,3.8787630644426923,4.459035546205375,3.948465188414105
2024-08-12,4.054999828338623,3.878499984741211,3.8787630644426923,4.462198591482329,3.9699566030737405
2024-08-13,4.035999774932861,3.878499984741211,3.8787630644426923,4.516665675038495,4.027093396333953
2024-08-14,4.025000095367432,3.878499984741211,3.8787630644426923,4.5047545489458525,4.051101505242428
2024-08-15,4.138999938964844,3.878499984741211,3.8787630644426923,4.473861775427485,4.036561994889837
2024-08-16,4.127500057220459,3.878499984741211,3.8787630644426923,4.527470122373694,4.0819116446963335
2024-08-19,4.166500091552734,3.878499984741211,3.8787630644426923,4.588611409177247,4.121363553520524
2024-08-20,4.149499893188477,3.878499984741211,3.8787630644426923,4.627514264504731,4.1604101668283135
2024-08-21,4.18149995803833,3.878499984741211,3.8787630644426923,4.658847864715314,4.16432378108658
2024-08-22,4.140999794006348,3.878499984741211,3.8787630644426923,4.619001097197092,4.1762430241076345
2024-08-23,4.194499969482422,3.878499984741211,3.8787630644426923,4.708545850842856,4.149531043324174
2024-08-26,4.21150016784668,3.878499984741211,3.8787630644426923,4.699256473861764,4.179377865335198
2024-08-27,4.230500221252441,3.878499984741211,3.8787630644426923,4.734995925474192,4.203948384860098
2024-08-28,4.144999980926514,3.878499984741211,3.8787630644426923,4.679670233303074,4.225058861232526
2024-08-29,4.147500038146973,3.878499984741211,3.8787630644426923,4.65001203182314,4.170453464332468
2024-08-30,4.144999980926514,3.878499984741211,3.8787630644426923,4.6281021682216,4.134883571198941
2024-09-03,4.0320000648498535,3.878499984741211,3.8787630644426923,4.622532076398755,4.129925448733815
2024-09-04,4.019499778747559,3.878499984741211,3.8787630644426923,4.669665827767035,4.073626456384062
2024-09-05,4.077499866485596,3.878499984741211,3.8787630644426923,4.6868168084533135,4.042711866109471
2024-09-06,4.014500141143799,3.878499984741211,3.8787630644426923,4.676897566417421,4.067672540170463
2024-09-09,4.084499835968018,3.878499984741211,3.8787630644426923,4.637759696059643,4.0470123433863705
2024-09-10,4.040500164031982,3.878499984741211,3.8787630644426923,4.6352967282650575,4.056829842792865
2024-09-11,4.083000183105469,3.878499984741211,3.8787630644426923,4.621368164675241,4.047558735284497
2024-09-12,4.132999897003174,3.878499984741211,3.8787630644426923,4.664208299253996,4.062856611259548
2024-09-13,4.175000190734863,3.878499984741211,3.8787630644426923,4.6800592564997014,4.111835488215888
2024-09-16,4.2129998207092285,3.878499984741211,3.8787630644426923,4.708589640136919,4.159268668573674
2024-09-17,4.213500022888184,3.878499984741211,3.8787630644426923,4.676997820995543,4.198730671384737
2024-09-18,4.23799991607666,3.878499984741211,3.8787630644426923,4.6618892146304365,4.202686417066474
2024-09-19,4.285999774932861,3.878499984741211,3.8787630644426923,4.703766631566349,4.212577427029544
2024-09-20,4.281499862670898,3.878499984741211,3.8787630644426923,4.6876753640013495,4.257861465921366
2024-09-23,4.289000034332275,3.878499984741211,3.8787630644426923,4.670378989571388,4.274437767277334
2024-09-24,4.429500102996826,3.878499984741211,3.8787630644426923,4.725731875899795,4.275753496522782
2024-09-25,4.427999973297119,3.878499984741211,3.8787630644426923,4.655609516474175,4.367515078536911
2024-09-26,4.580999851226807,3.878499984741211,3.8787630644426923,4.701657240099083,4.404161078444901
2024-09-27,4.540999889373779,3.878499984741211,3.8787630644426923,4.70728778656447,4.5051169658933645
2024-09-30,4.495999813079834,3.878499984741211,3.8787630644426923,4.6695448919225715,4.530138642744589
2024-10-01,4.5355000495910645,3.878499984741211,3.8787630644426923,4.629356561955861,4.487991419990806
2024-10-02,4.5960001945495605,3.878499984741211,3.8787630644426923,4.585179969769987,4.485899989797616
2024-10-03,4.501999855041504,3.878499984741211,3.8787630644426923,4.55667323673212,4.535793469738451
2024-10-04,4.522500038146973,3.878499984741211,3.8787630644426923,4.505138481333558,4.509326597288407
2024-10-07,4.519000053405762,3.878499984741211,3.8787630644426923,4.503994855953579,4.49026607798919
2024-10-08,4.412000179290772,3.878499984741211,3.8787630644426923,4.507130869292125,4.4939933923593
2024-10-09,4.355000019073486,3.878499984741211,3.8787630644426923,4.461108447251876,4.441470428838045
2024-10-10,4.385000228881836,3.878499984741211,3.8787630644426923,4.4687965915952805,4.370516284155656
2024-10-11,4.451499938964844,3.878499984741211,3.8787630644426923,4.467200269395134,4.367180440928621
2024-10-14,4.363500118255615,3.878499984741211,3.8787630644426923,4.445000884537482,4.419821460209391
2024-10-15,4.30049991607666,3.878499984741211,3.8787630644426923,4.441925501079469,4.388325149082618
2024-10-16,4.331500053405762,3.878499984741211,3.8787630644426923,4.413783748935033,4.32075249000269
2024-10-17,4.286499977111816,3.878499984741211,3.8787630644426923,4.387144394875854,4.307954631254688
2024-10-18,4.3460001945495605,3.878499984741211,3.8787630644426923,4.420398774511398,4.290191628137649
2024-10-21,4.322999954223633,3.878499984741211,3.8787630644426923,4.383809966409198,4.323996609609878
2024-10-22,4.3480000495910645,3.878499984741211,3.8787630644426923,4.376790882616351,4.32199492812606
2024-10-23,4.304500102996826,3.878499984741211,3.8787630644426923,4.341111179436594,4.32743207609866
2024-10-24,4.319499969482422,3.878499984741211,3.8787630644426923,4.383126159226548,4.30332895205288
2024-10-25,4.339499950408936,3.878499984741211,3.8787630644426923,4.3531623132945025,4.309533243027829
2024-10-28,4.331999778747559,3.878499984741211,3.8787630644426923,4.35899293310737,4.322851380968785
2024-10-29,4.332499980926514,3.878499984741211,3.8787630644426923,4.358002746330835,4.326244057730605
2024-10-30,4.327499866485596,3.878499984741211,3.8787630644426923,4.380401407834167,4.325176728336032
2024-10-31,4.313499927520752,3.878499984741211,3.8787630644426923,4.390373275026731,4.326376596166938
2024-11-01,4.347499847412109,3.878499984741211,3.8787630644426923,4.352711911644487,4.318326202766713
2024-11-04,4.4070000648498535,3.878499984741211,3.8787630644426923,4.394980283928396,4.324655351970591
2024-11-05,4.450500011444092,3.878499984741211,3.8787630644426923,4.4387374124277645,4.376115155352721
2024-11-06,4.222499847412109,3.878499984741211,3.8787630644426923,4.27365008666639,4.432632046158233
2024-11-07,4.409999847412109,3.878499984741211,3.8787630644426923,4.359845106101176,4.282903330746336
2024-11-08,4.286499977111816,3.878499984741211,3.8787630644426923,4.294493132460758,4.329607110835298
2024-11-11,4.210999965667725,3.878499984741211,3.8787630644426923,4.240561701633521,4.310536497549208
2024-11-12,4.119500160217285,3.878499984741211,3.8787630644426923,4.198131678231452,4.235338050821213
2024-11-13,4.065999984741211,3.878499984741211,3.8787630644426923,4.137685527903939,4.145567398000537
2024-11-14,4.072999954223633,3.878499984741211,3.8787630644426923,4.099691502685259,4.080020997068118
2024-11-15,4.051000118255615,3.878499984741211,3.8787630644426923,4.114818022877299,4.067014675547739
2024-11-18,4.107999801635742,3.878499984741211,3.8787630644426923,4.174069928288698,4.066261576353213
2024-11-19,4.130000114440918,3.878499984741211,3.8787630644426923,4.180882742867901,4.104943050657596
2024-11-20,4.143499851226807,3.878499984741211,3.8787630644426923,4.128005505029293,4.131161962125759
2024-11-21,4.11299991607666,3.878499984741211,3.8787630644426923,4.0975056885126815,4.130980709231039
2024-11-22,4.073999881744385,3.878499984741211,3.8787630644426923,4.0472047045243,4.107448553747076
2024-11-25,4.09149980545044,3.878499984741211,3.8787630644426923,4.127999788569856,4.0708350301446785
2024-11-26,4.039000034332275,3.878499984741211,3.8787630644426923,4.117470011171914,4.088070293295857
2024-11-27,4.066999912261963,3.878499984741211,3.8787630644426923,4.206657302248566,4.068989805457392
2024-11-29,4.08050012588501,3.878499984741211,3.8787630644426923,4.232754876247525,4.081675313742807
2024-12-02,4.075500011444092,3.878499984741211,3.8787630644426923,4.17665295035539,4.09367574752784
2024-12-03,4.145999908447266,3.878499984741211,3.8787630644426923,4.182795890169237,4.077082330281087
2024-12-04,4.142000198364258,3.878499984741211,3.8787630644426923,4.184591612325532,4.110769255993802
2024-12-05,4.135000228881836,3.878499984741211,3.8787630644426923,4.243326938107107,4.135372032389796
2024-12-06,4.138500213623047,3.878499984741211,3.8787630644426923,4.219752350677816,4.146118617457603
2024-12-09,4.223499774932861,3.878499984741211,3.8787630644426923,4.207243641735664,4.138583675691393
2024-12-10,4.223499774932861,3.878499984741211,3.8787630644426923,4.1853901406868985,4.180916759464338
2024-12-11,4.214000225067139,3.878499984741211,3.8787630644426923,4.148948530636815,4.2067992778482335
2024-12-12,4.195000171661377,3.878499984741211,3.8787630644426923,4.117610542347933,4.203077229906057
2024-12-13,4.14900016784668,3.878499984741211,3.8787630644426923,4.118609263323475,4.185132754459801
2024-12-16,4.143499851226807,3.878499984741211,3.8787630644426923,4.142972457799975,4.157342253122408
2024-12-17,4.09149980545044,3.878499984741211,3.8787630644426923,4.136161321542282,4.149379852955576
2024-12-18,4.099999904632568,3.878499984741211,3.8787630644426923,4.014396038773807,4.118093540642661
2024-12-19,4.020500183105469,3.878499984741211,3.8787630644426923,3.998504035156435,4.08496836724288
2024-12-20,4.040999889373779,3.878499984741211,3.8787630644426923,4.056741295718767,4.037406159400717
2024-12-23,4.0229997634887695,3.878499984741211,3.8787630644426923,4.030978657537764,4.043988974883405
2024-12-24,4.049499988555908,3.878499984741211,3.8787630644426923,4.007709363299636,4.0366521824682025
2024-12-26,4.072000026702881,3.878499984741211,3.8787630644426923,4.038213666361784,4.039953135610176
2024-12-27,4.0625,3.878499984741211,3.8787630644426923,4.064547839653669,4.063076045756787
2024-12-30,4.045499801635742,3.878499984741211,3.8787630644426923,4.0716743645797076,4.071258977593345
2024-12-31,3.986000061035156,3.878499984741211,3.8787630644426923,4.031462649867073,4.05583185469942
2025-01-02,3.9885001182556152,3.878499984741211,3.8787630644426923,3.9510210464132713,4.004547379480584
2025-01-03,4.039500236511231,3.878499984741211,3.8787630644426923,3.9920353072578316,3.9717421415777783
2025-01-06,4.126999855041504,3.878499984741211,3.8787630644426923,4.077141610015817,4.012731627924126
2025-01-07,4.1605000495910645,3.878499984741211,3.8787630644426923,4.042813012572549,4.104946122740557
2025-01-08,4.227499961853027,3.878499984741211,3.8787630644426923,4.0038322988225445,4.148151458640029
2025-01-09,4.2795000076293945,3.878499984741211,3.8787630644426923,4.009289805959888,4.183499942365842
2025-01-10,4.274499893188477,3.878499984741211,3.8787630644426923,3.9609058335777902,4.234155518315589
2025-01-13,4.295499801635742,3.878499984741211,3.8787630644426923,3.93581909320878,4.248195156883469
2025-01-14,4.310500144958496,3.878499984741211,3.8787630644426923,4.007011418576228,4.261783418690527
2025-01-15,4.359499931335449,3.878499984741211,3.8787630644426923,4.0227513574527745,4.297922963778888
2025-01-16,4.4105000495910645,3.878499984741211,3.8787630644426923,4.024947105654106,4.343252206177141
2025-01-17,4.337500095367432,3.878499984741211,3.8787630644426923,3.987881271349149,4.3862225277300695
2025-01-21,4.310999870300293,3.878499984741211,3.8787630644426923,4.124955061319379,4.347885565586353
2025-01-22,4.271500110626221,3.878499984741211,3.8787630644426923,4.102692191486662,4.333976051675336
2025-01-23,4.299499988555908,3.878499984741211,3.8787630644426923,4.107218952298027,4.298601455244352
2025-01-24,4.289999961853027,3.878499984741211,3.8787630644426923,4.174479416441347,4.296667798454678
2025-01-27,4.203499794006348,3.878499984741211,3.8787630644426923,4.171009485525367,4.307126924331101
2025-01-28,4.2204999923706055,3.878499984741211,3.8787630644426923,4.129155689768496,4.250934577147007
2025-01-29,4.257500171661377,3.878499984741211,3.8787630644426923,4.10532702708227,4.216096717496271
2025-01-30,4.288000106811523,3.878499984741211,3.8787630644426923,4.108842756359342,4.233147875104265
2025-01-31,4.26200008392334,3.878499984741211,3.8787630644426923,4.070501285339967,4.2705689176565045
2025-02-03,4.294000148773193,3.878499984741211,3.8787630644426923,4.035602334571446,4.261670848793443
2025-02-04,4.34250020980835,3.878499984741211,3.8787630644426923,4.139806730005026,4.263217642564484
2025-02-05,4.434500217437744,3.878499984741211,3.8787630644426923,4.160760703870221,4.321903643375208
2025-02-06,4.453499794006348,3.878499984741211,3.8787630644426923,4.176565190907812,4.403179767373246
2025-02-07,4.581500053405762,3.878499984741211,3.8787630644426923,4.13967706145383,4.4389576844101555
2025-02-10,4.700500011444092,3.878499984741211,3.8787630644426923,4.133827725672232,4.507374508000964
2025-02-11,4.5945000648498535,3.878499984741211,3.8787630644426923,4.180735657149773,4.612458177777
2025-02-12,4.697999954223633,3.878499984741211,3.8787630644426923,4.180230107801684,4.601257363299908
2025-02-13,4.769000053405762,3.878499984741211,3.8787630644426923,4.27920487164935,4.637191078829858
2025-02-14,4.656499862670898,3.878499984741211,3.8787630644426923,4.321308966330039,4.7266439904985305
2025-02-18,4.585000038146973,3.878499984741211,3.8787630644426923,4.341924319365897,4.690466922111142
2025-02-19,4.557000160217285,3.878499984741211,3.8787630644426923,4.337231110500092,4.599998687023742
2025-02-20,4.607999801635742,3.878499984741211,3.8787630644426923,4.431280621574418,4.551066549615314
2025-02-21,4.559999942779541,3.878499984741211,3.8787630644426923,4.406121419427459,4.596449772899888
2025-02-24,4.517000198364258,3.878499984741211,3.8787630644426923,4.420360661219442,4.580627887345429
2025-02-25,4.486000061035156,3.878499984741211,3.8787630644426923,4.466566691874119,4.529283067639852
2025-02-26,4.541999816894531,3.878499984741211,3.8787630644426923,4.446036044018593,4.496195856408093
2025-02-27,4.579999923706055,3.878499984741211,3.8787630644426923,4.3752590563738405,4.516586148760581
2025-02-28,4.514500141143799,3.878499984741211,3.8787630644426923,4.3335873282278,4.542524184072278
2025-03-03,4.576499938964844,3.878499984741211,3.8787630644426923,4.4388248729021385,4.508712180696136
2025-03-04,4.527500152587891,3.878499984741211,3.8787630644426923,4.53353172846688,4.549858782142508
2025-03-05,4.766499996185303,3.878499984741211,3.8787630644426923,4.655922594389342,4.5586675411651925
2025-03-06,4.77899980545044,3.878499984741211,3.8787630644426923,4.663091373771433,4.706023730792936
2025-03-07,4.683000087738037,3.878499984741211,3.8787630644426923,4.696093571653304,4.767251441385184
2025-03-10,4.639500141143799,3.878499984741211,3.8787630644426923,4.680201682715601,4.702048674875442
2025-03-11,4.739999771118164,3.878499984741211,3.8787630644426923,4.7356550630497285,4.63038729280845
2025-03-12,4.821000099182129,3.878499984741211,3.8787630644426923,4.703431092287989,4.689098967455351
2025-03-13,4.898499965667725,3.878499984741211,3.8787630644426923,4.665370354455169,4.774977949467484
2025-03-14,4.869500160217285,3.878499984741211,3.8787630644426923,4.675545703326517,4.840101938992717
2025-03-17,4.933499813079834,3.878499984741211,3.8787630644426923,4.707355175991195,4.83994592106518
2025-03-18,4.993000030517578,3.878499984741211,3.8787630644426923,4.7134369204870925,4.877911161170573
2025-03-19,5.076000213623047,3.878499984741211,3.8787630644426923,4.6831016805112515,4.936936407714029
2025-03-20,5.085000038146973,3.878499984741211,3.8787630644426923,4.654637288835124,5.003981546262594
2025-03-21,5.087500095367432,3.878499984741211,3.8787630644426923,4.624056596737141,5.026675900836096
2025-03-24,5.064000129699707,3.878499984741211,3.8787630644426923,4.6077195771785515,5.02644988330394
2025-03-25,5.183000087738037,3.878499984741211,3.8787630644426923,4.620992991093667,5.015348253219599
2025-03-26,5.216000080108643,3.878499984741211,3.8787630644426923,4.5724902622721455,5.097153872659476
2025-03-27,5.097499847412109,3.878499984741211,3.8787630644426923,4.609160821293187,5.150261848550372
2025-03-28,5.112500190734863,3.878499984741211,3.8787630644426923,4.63270628012882,5.090896917405189
2025-03-31,5.019999980926514,3.878499984741211,3.8787630644426923,4.632319822315672,5.067895793404546
2025-04-01,5.019000053405762,3.878499984741211,3.8787630644426923,4.626091449577421,5.013454972377417
2025-04-02,5.023499965667725,3.878499984741211,3.8787630644426923,4.670054503253853,4.991135850794194
2025-04-03,4.810999870300293,3.878499984741211,3.8787630644426923,4.856767137241089,5.0033096378320465
2025-04-04,4.384500026702881,3.878499984741211,3.8787630644426923,4.750822682336933,4.905953573310796
2025-04-07,4.169000148773193,3.878499984741211,3.8787630644426923,4.71818612910397,4.554426530637045
2025-04-08,4.127500057220459,3.878499984741211,3.8787630644426923,4.7692434714792284,4.2706770988636436
2025-04-09,4.17549991607666,3.878499984741211,3.8787630644426923,4.754133573206138,4.182969130317019
2025-04-10,4.321000099182129,3.878499984741211,3.8787630644426923,4.972051979004562,4.205869753317927
2025-04-11,4.507500171661377,3.878499984741211,3.8787630644426923,5.067377616679837,4.3362333743484385
2025-04-14,4.610499858856201,3.878499984741211,3.8787630644426923,5.10446196328507,4.487103588014975
2025-04-15,4.611000061035156,3.878499984741211,3.8787630644426923,5.051651121967993,4.576509979570233
2025-04-16,4.673999786376953,3.878499984741211,3.8787630644426923,5.131993377375709,4.570923835574007
2025-04-17,4.731500148773193,3.878499984741211,3.8787630644426923,5.126416403531909,4.613947918578759
2025-04-21,4.7210001945495605,3.878499984741211,3.8787630644426923,5.221379067329615,4.675522774545641
2025-04-22,4.870500087738037,3.878499984741211,3.8787630644426923,5.166930175316145,4.710961884718813
2025-04-23,4.8354997634887695,3.878499984741211,3.8787630644426923,5.071898526839769,4.787745965123861
2025-04-24,4.849999904632568,3.878499984741211,3.8787630644426923,5.115938725052896,4.787450386856079
2025-04-25,4.8354997634887695,3.878499984741211,3.8787630644426923,5.092096720089144,4.802136479452827
2025-04-28,4.8379998207092285,3.878499984741211,3.8787630644426923,5.151122265300359,4.801763221373022
2025-04-29,4.822999954223633,3.878499984741211,3.8787630644426923,5.118621518780365,4.816561664432356
2025-04-30,4.559999942779541,3.878499984741211,3.8787630644426923,5.078384425506417,4.804139916412623
2025-05-01,4.580999851226807,3.878499984741211,3.8787630644426923,5.021556145457463,4.631965904581591
2025-05-02,4.627500057220459,3.878499984741211,3.8787630644426923,5.038374253498125,4.5542759985719385
2025-05-05,4.65500020980835,3.878499984741211,3.8787630644426923,5.056935871864164,4.594190694750807
2025-05-06,4.735000133514404,3.878499984741211,3.8787630644426923,5.119786288579348,4.646664943813676
2025-05-07,4.616499900817871,3.878499984741211,3.8787630644426923,5.044403617960409,4.711325487680739
2025-05-08,4.560999870300293,3.878499984741211,3.8787630644426923,4.963260630437475,4.636114313751904
2025-05-09,4.611000061035156,3.878499984741211,3.8787630644426923,4.995557068119441,4.541768451663785
2025-05-12,4.578499794006348,3.878499984741211,3.8787630644426923,4.856847772552571,4.563000275313186
2025-05-13,4.68149995803833,3.878499984741211,3.8787630644426923,4.945495307012603,4.55354220961317
2025-05-14,4.611000061035156,3.878499984741211,3.8787630644426923,4.921101055848181,4.6317006082744285
2025-05-15,4.644499778747559,3.878499984741211,3.8787630644426923,4.948752910193827,4.621382359345233
2025-05-16,4.555500030517578,3.878499984741211,3.8787630644426923,4.922924778945996,4.620939759964301
2025-05-19,4.633500099182129,3.878499984741211,3.8787630644426923,4.992970139443089,4.565529477328369
2025-05-20,4.619500160217285,3.878499984741211,3.8787630644426923,5.0228148457120545,4.599827747550393
2025-05-21,4.638000011444092,3.878499984741211,3.8787630644426923,5.062727121261312,4.621546057480174
2025-05-22,4.648499965667725,3.878499984741211,3.8787630644426923,5.034966948392967,4.63412974815887
2025-05-23,4.80649995803833,3.878499984741211,3.8787630644426923,5.109504576144872,4.628996955833941
2025-05-27,4.710000038146973,3.878499984741211,3.8787630644426923,5.052433784816622,4.7343579908144875
2025-05-28,4.644000053405762,3.878499984741211,3.8787630644426923,5.015132155253136,4.71466637790121
2025-05-29,4.653500080108643,3.878499984741211,3.8787630644426923,5.06973135062449,4.637591766221817
2025-05-30,4.652500152587891,3.878499984741211,3.8787630644426923,5.074507093282914,4.629266860265545
2025-06-02,4.834499835968018,3.878499984741211,3.8787630644426923,5.1392066371303,4.642043653301812
2025-06-03,4.809500217437744,3.878499984741211,3.8787630644426923,5.073414204081223,4.767978427874539
2025-06-04,4.864500045776367,3.878499984741211,3.8787630644426923,5.112191346186762,4.7898226932057355
2025-06-05,4.91349983215332,3.878499984741211,3.8787630644426923,5.119835218031449,4.815042080538973
2025-06-06,4.829999923706055,3.878499984741211,3.8787630644426923,5.070615588845058,4.857116889908667
2025-06-09,4.9095001220703125,3.878499984741211,3.8787630644426923,5.094158921833124,4.814836031546065
2025-06-10,4.883999824523926,3.878499984741211,3.8787630644426923,5.083899351998324,4.8465408054452155
2025-06-11,4.801000118255615,3.878499984741211,3.8787630644426923,5.116759377464204,4.857853750950397
2025-06-12,4.821499824523926,3.878499984741211,3.8787630644426923,5.191134784754945,4.812133037409069
2025-06-13,4.802999973297119,3.878499984741211,3.8787630644426923,5.168913831663383,4.8088020217409735
2025-06-16,4.826499938964844,3.878499984741211,3.8787630644426923,5.161706511992932,4.7931313265551125
2025-06-17,4.80049991607666,3.878499984741211,3.8787630644426923,5.0990406946277655,4.795684666364991
2025-06-18,4.84499979019165,3.878499984741211,3.8787630644426923,5.079522607504126,4.772856017879178
2025-06-20,4.826000213623047,3.878499984741211,3.8787630644426923,5.099403353199442,4.791728262379763
2025-06-23,4.8429999351501465,3.878499984741211,3.8787630644426923,5.1485347706162425,4.802009207444428
2025-06-24,4.867000102996826,3.878499984741211,3.8787630644426923,5.203542804859584,4.819344971595342
2025-06-25,4.913000106811523,3.878499984741211,3.8787630644426923,5.229085419640805,4.844667493142282
2025-06-26,5.065499782562256,3.878499984741211,3.8787630644426923,5.274264134442786,4.87854335195712
2025-06-27,5.06850004196167,3.878499984741211,3.8787630644426923,5.262545113374308,4.986021271532536
2025-06-30,5.03000020980835,3.878499984741211,3.8787630644426923,5.325360883327307,5.023252283810166
2025-07-01,5.047999858856201,3.878499984741211,3.8787630644426923,5.333813590146205,5.003200359452421
2025-07-02,5.14900016784668,3.878499984741211,3.8787630644426923,5.3416041345459835,4.997980451632088
2025-07-03,5.0970001220703125,3.878499984741211,3.8787630644426923,5.299963879638909,5.068492655237037
2025-07-04,5.018499851226807,3.878499984741211,3.8787630644426923,5.3063417182377535,5.062084290179655
2025-07-07,4.984499931335449,3.878499984741211,3.8787630644426923,5.284529035382231,4.998889788188649
2025-07-08,5.644999980926514,3.878499984741211,3.8787630644426923,5.2813092893522295,4.949131699332611
2025-07-09,5.44350004196167,3.878499984741211,3.8787630644426923,5.28087432807609,5.368862494700352
2025-07-10,5.547999858856201,3.878499984741211,3.8787630644426923,5.2670879305487155,5.435897978131038
2025-07-11,5.561999797821045,3.878499984741211,3.8787630644426923,5.243169631824822,5.424005506118647
2025-07-14,5.514999866485596,3.878499984741211,3.8787630644426923,5.22391218939001,5.431732233635444
2025-07-15,5.546000003814697,3.878499984741211,3.8787630644426923,5.171796224030488,5.426610632469874
2025-07-16,5.496500015258789,3.878499984741211,3.8787630644426923,5.205755559742514,5.445486387922415
2025-07-17,5.486000061035156,3.878499984741211,3.8787630644426923,5.164688392255591,5.440906789965027
2025-07-18,5.578000068664551,3.878499984741211,3.8787630644426923,5.1823211051907565,5.4180597089814455
2025-07-21,5.610499858856201,3.878499984741211,3.8787630644426923,5.247853550549388,5.4777107827110285
2025-07-22,5.697000026702881,3.878499984741211,3.8787630644426923,5.298985822067523,5.540899140536112
2025-07-23,5.795000076293945,3.878499984741211,3.8787630644426923,5.3094077867376,5.608483210209897
2025-07-24,5.776999950408936,3.878499984741211,3.8787630644426923,5.284771078889703,5.680072398327297
2025-07-25,5.763500213623047,3.878499984741211,3.8787630644426923,5.264584755017925,5.675296625929377
2025-07-28,5.59499979019165,3.878499984741211,3.8787630644426923,5.148703646517063,5.653205277354289
2025-07-29,5.603499889373779,3.878499984741211,3.8787630644426923,5.12281246983046,5.525970133950921
2025-07-30,5.570000171661377,3.878499984741211,3.8787630644426923,5.020169122589182,5.502544623632616
2025-07-31,4.33050012588501,3.878499984741211,3.8787630644426923,4.998672862545449,5.4906565403101695
2025-08-01,4.412499904632568,3.878499984741211,3.8787630644426923,5.119588051004277,4.741415443114704
2025-08-04,4.414999961853027,3.878499984741211,3.8787630644426923,5.120312240372652,4.459306284208168
2025-08-05,4.363999843597412,3.878499984741211,3.8787630644426923,5.12046224257031,4.465036377234583
2025-08-06,4.390999794006348,3.878499984741211,3.8787630644426923,5.174569736188721,4.467129343469253
2025-08-07,4.378499984741211,3.878499984741211,3.8787630644426923,5.183174256594334,4.450395707578764
2025-08-08,4.45550012588501,3.878499984741211,3.8787630644426923,5.167657451962652,4.407728863935517
2025-08-11,4.423500061035156,3.878499984741211,3.8787630644426923,5.1298149038773495,4.420210517572997
2025-08-12,4.508500099182129,3.878499984741211,3.8787630644426923,5.182619382791742,4.411239815891349
2025-08-13,4.48199987411499,3.878499984741211,3.8787630644426923,5.206105143918137,4.46504054649003
2025-08-14,4.464499950408936,3.878499984741211,3.8787630644426923,5.173277040535869,4.48173117321906
2025-08-15,4.478000164031982,3.878499984741211,3.8787630644426923,5.2106019327658935,4.456276552104782
2025-08-18,4.456999778747559,3.878499984741211,3.8787630644426923,5.193444743462088,4.4575018743373676
2025-08-19,4.408999919891357,3.878499984741211,3.8787630644426923,5.172058689100389,4.4480341535194725
2025-08-20,4.426000118255615,3.878499984741211,3.8787630644426923,5.1792322482915525,4.412104826679467
2025-08-21,4.43149995803833,3.878499984741211,3.8787630644426923,5.133572197338986,4.409541173448218
2025-08-22,4.447500228881836,3.878499984741211,3.8787630644426923,5.237637561622069,4.411776113802603
2025-08-25,4.46649980545044,3.878499984741211,3.8787630644426923,5.169373281674042,4.443872139410331
2025-08-26,4.450500011444092,3.878499984741211,3.8787630644426923,5.199352810238313,4.447790800662034
2025-08-27,4.414500236511231,3.878499984741211,3.8787630644426923,5.196020315762794,4.44208528429931
2025-08-28,4.463500022888184,3.878499984741211,3.8787630644426923,5.237461874238841,4.41716103636486
2025-08-29,4.518499851226807,3.878499984741211,3.8787630644426923,5.250759387737123,4.441208424048341
2025-09-02,4.569499969482422,3.878499984741211,3.8787630644426923,5.19848796386734,4.490679712016487
2025-09-03,4.558499813079834,3.878499984741211,3.8787630644426923,5.215555590591763,4.526622863229818
2025-09-04,4.48799991607666,3.878499984741211,3.8787630644426923,5.204712877503492,4.537257097835038
2025-09-05,4.482500076293945,3.878499984741211,3.8787630644426923,5.259800099561149,4.493240073730277
2025-09-08,4.490499973297119,3.878499984741211,3.8787630644426923,5.296058427581661,4.478071225239603
2025-09-09,4.500999927520752,3.878499984741211,3.8787630644426923,5.2575582518938795,4.488286120520598
2025-09-10,4.550000190734863,3.878499984741211,3.8787630644426923,5.247130555943942,4.489704983979749
2025-09-11,4.590499877929688,3.878499984741211,3.8787630644426923,5.281295580309743,4.516194019314014
2025-09-12,4.588500022888184,3.878499984741211,3.8787630644426923,5.269069064689783,4.561386554020487
2025-09-15,4.6554999351501465,3.878499984741211,3.8787630644426923,5.2996684558484155,4.572032638088558
2025-09-16,4.632999897003174,3.878499984741211,3.8787630644426923,5.361048066018583,4.6141991710780985
2025-09-17,4.571000099182129,3.878499984741211,3.8787630644426923,5.323816594117434,4.630820895374995
2025-09-18,4.540999889373779,3.878499984741211,3.8787630644426923,5.277006205346851,4.580081934316297
2025-09-19,4.568999767303467,3.878499984741211,3.8787630644426923,5.249262451012905,4.526930071525953
2025-09-22,4.572999954223633,3.878499984741211,3.8787630644426923,5.281837710749279,4.5312312071063445
2025-09-23,4.584499835968018,3.878499984741211,3.8787630644426923,5.288784544830916,4.559925998006861
2025-09-24,4.752500057220459,3.878499984741211,3.8787630644426923,5.211863050262588,4.576053336381477
2025-09-25,4.699999809265137,3.878499984741211,3.8787630644426923,5.143723735503231,4.661818212455046
2025-09-26,4.715499877929688,3.878499984741211,3.8787630644426923,5.181870617221325,4.666837557144902
2025-09-29,4.841000080108643,3.878499984741211,3.8787630644426923,5.203112834199134,4.677140884528285
2025-09-30,4.804999828338623,3.878499984741211,3.8787630644426923,5.215085446657631,4.767038809357359
2025-10-01,4.83050012588501,3.878499984741211,3.8787630644426923,5.215817487249918,4.790333097846315
2025-10-02,4.8979997634887695,3.878499984741211,3.8787630644426923,5.203693089725629,4.795498147042338
2025-10-03,5.058000087738037,3.878499984741211,3.8787630644426923,5.225444894914997,4.835373783880698
2025-10-06,4.986999988555908,3.878499984741211,3.8787630644426923,5.183221566817828,4.962489116048573
2025-10-07,5.047999858856201,3.878499984741211,3.8787630644426923,5.12810667914351,4.9612076185846945
2025-10-08,5.046000003814697,3.878499984741211,3.8787630644426923,5.105191810320298,4.965725336013861
2025-10-09,5.075500011444092,3.878499984741211,3.8787630644426923,5.040343453856316,4.981003243449663
2025-10-10,4.848499774932861,3.878499984741211,3.8787630644426923,5.096259468067766,5.004025433162042
2025-10-13,5.100500106811523,3.878499984741211,3.8787630644426923,5.068723600005352,4.892335468412114
2025-10-14,4.980500221252441,3.878499984741211,3.8787630644426923,5.101549210059421,4.982972009758896
2025-10-15,4.9720001220703125,3.878499984741211,3.8787630644426923,5.130149576310366,4.9873071576863595
2025-10-16,4.958000183105469,3.878499984741211,3.8787630644426923,5.174626546485305,4.959824303514097
2025-10-17,4.93149995803833,3.878499984741211,3.8787630644426923,5.169324192073187,4.940946353716583
2025-10-20,4.998000144958496,3.878499984741211,3.8787630644426923,5.152779644680499,4.915204492845419
2025-10-21,4.929999828338623,3.878499984741211,3.8787630644426923,5.116440930049464,4.942334057477126
2025-10-22,4.960999965667725,3.878499984741211,3.8787630644426923,5.1264765751698995,4.912963627759609
2025-10-23,5.081999778747559,3.878499984741211,3.8787630644426923,5.126886058731378,4.917677300194811
2025-10-24,5.093500137329102,3.878499984741211,3.8787630644426923,5.1317744837486154,5.003212647784267
2025-10-27,5.140500068664551,3.878499984741211,3.8787630644426923,5.148972525805206,5.048855023210081
2025-10-28,5.140500068664551,3.878499984741211,3.8787630644426923,5.158842272497134,5.080799419580217
2025-10-29,5.233500003814697,3.878499984741211,3.8787630644426923,5.099098899541319,5.089322255452998
2025-10-30,5.078000068664551,3.878499984741211,3.8787630644426923,5.062373818486514,5.1381982176301335
2025-10-31,5.065499782562256,3.878499984741211,3.8787630644426923,5.037420587812434,5.063806850982985
2025-11-03,5.046999931335449,3.878499984741211,3.8787630644426923,5.034415006886999,5.016425237732051
2025-11-04,4.926000118255615,3.878499984741211,3.8787630644426923,5.003924528544125,5.009319070973447
2025-11-05,4.9629998207092285,3.878499984741211,3.8787630644426923,4.998180651969797,4.936297853327062
2025-11-06,4.945499897003174,3.878499984741211,3.8787630644426923,5.055454677245538,4.9265584726015845
2025-11-07,4.938000202178955,3.878499984741211,3.8787630644426923,5.066639024467453,4.937115905132771
2025-11-10,5.086999893188477,3.878499984741211,3.8787630644426923,5.0640847186241835,4.929197391865387
2025-11-11,5.048500061035156,3.878499984741211,3.8787630644426923,5.08110474242397,5.0080173855358225
2025-11-12,5.089499950408936,3.878499984741211,3.8787630644426923,5.075853546920703,5.0235836299009975
2025-11-13,5.087500095367432,3.878499984741211,3.8787630644426923,5.1083337046348305,5.0350258223250535
2025-11-14,5.049499988555908,3.878499984741211,3.8787630644426923,5.098419171990009,5.045074605691639
2025-11-17,5.0,3.878499984741211,3.8787630644426923,5.079917360187315,5.02061204793938
2025-11-18,4.962500095367432,3.878499984741211,3.8787630644426923,5.072296790890869,4.974394754130799
2025-11-19,5.007999897003174,3.878499984741211,3.8787630644426923,5.006126657050061,4.938454894434926
2025-11-20,4.959499835968018,3.878499984741211,3.8787630644426923,5.003009166804629,4.9508318778172224
2025-11-21,5.008500099182129,3.878499984741211,3.8787630644426923,5.01542080814882,4.939206238153474
2025-11-24,4.961999893188477,3.878499984741211,3.8787630644426923,5.023448745366438,4.9630043482480914
2025-11-25,4.999499797821045,3.878499984741211,3.8787630644426923,5.055854882245512,4.946619613208213
2025-11-26,5.104499816894531,3.878499984741211,3.8787630644426923,5.083955171768396,4.961269499112916
2025-11-28,5.185500144958496,3.878499984741211,3.8787630644426923,5.1001823337771,5.040608674803821
2025-12-01,5.218999862670898,3.878499984741211,3.8787630644426923,5.110523171282988,5.12087430294207
2025-12-02,5.160999774932861,3.878499984741211,3.8787630644426923,5.116950810781617,5.157794595971609
2025-12-03,5.308000087738037,3.878499984741211,3.8787630644426923,5.166140920537336,5.122971218997691
2025-12-04,5.291500091552734,3.878499984741211,3.8787630644426923,5.147741925828719,5.209757562655909
2025-12-05,5.381999969482422,3.878499984741211,3.8787630644426923,5.162869287805009,5.240700459980644
2025-12-08,5.364500045776367,3.878499984741211,3.8787630644426923,5.153278525220321,5.295454194600836
2025-12-09,5.240499973297119,3.878499984741211,3.8787630644426923,5.141160492278429,5.300915919237127
2025-12-10,5.2754998207092285,3.878499984741211,3.8787630644426923,5.19368602292775,5.214927439410872
2025-12-11,5.427000045776367,3.878499984741211,3.8787630644426923,5.233150767616815,5.21763262789284
2025-12-12,5.2835001945495605,3.878499984741211,3.8787630644426923,5.222954038512931,5.3401183310379565
2025-12-15,5.338500022888184,3.878499984741211,3.8787630644426923,5.2364869746748415,5.284937576886136
2025-12-16,5.287000179290772,3.878499984741211,3.8787630644426923,5.250637433948406,5.2666042635107715
2025-12-17,5.363500118255615,3.878499984741211,3.8787630644426923,5.228162322235088,5.245389775186652
2025-12-18,5.366499900817871,3.878499984741211,3.8787630644426923,5.225459733644817,5.284948987479993
2025-12-19,5.439499855041504,3.878499984741211,3.8787630644426923,5.198666536397186,5.30807299479909
2025-12-22,5.4375,3.878499984741211,3.8787630644426923,5.252860112121857,5.349216085293506
2025-12-23,5.47599983215332,3.878499984741211,3.8787630644426923,5.291947888111349,5.373924409682672
2025-12-24,5.498499870300293,3.878499984741211,3.8787630644426923,5.289599421039746,5.4048545798065675
2025-12-26,5.766499996185303,3.878499984741211,3.8787630644426923,5.2967196208099185,5.423606135333671
2025-12-29,5.490499973297119,3.878499984741211,3.8787630644426923,5.3104518593301,5.601275225844574
2025-12-30,5.727499961853027,3.878499984741211,3.8787630644426923,5.291073194069085,5.488248027268469
2025-12-31,5.630000114440918,3.878499984741211,3.8787630644426923,5.301220129355254,5.558356471398497
2026-01-02,5.639999866485596,3.878499984741211,3.8787630644426923,5.287433011869698,5.564489226727346
2026-01-05,5.924499988555908,3.878499984741211,3.8787630644426923,5.3195917044479195,5.553039573530384
2026-01-06,6.010499954223633,3.878499984741211,3.8787630644426923,5.291835007047869,5.746585627654554
2026-01-07,5.809000015258789,3.878499984741211,3.8787630644426923,5.27822158709956,5.873578515372969
2026-01-08,5.746500015258789,3.878499984741211,3.8787630644426923,5.257975955381218,5.740437950779892
2026-01-09,5.855500221252441,3.878499984741211,3.8787630644426923,5.242042083123289,5.635131335554661
2026-01-12,5.985000133514404,3.878499984741211,3.8787630644426923,5.270131642615988,5.714898408515182
2026-01-13,5.96999979019165,3.878499984741211,3.8787630644426923,5.24681336869448,5.863917692197504
2026-01-14,6.008999824523926,3.878499984741211,3.8787630644426923,5.252497304481054,5.8716132600156925
2026-01-15,5.947999954223633,3.878499984741211,3.8787630644426923,5.2177404032811605,5.87099182151951
2026-01-16,5.78849983215332,3.878499984741211,3.8787630644426923,5.221025654804669,5.831098629921371
2026-01-20,5.7729997634887695,3.878499984741211,3.8787630644426923,5.304012729144953,5.7239053168888745
2026-01-21,5.729499816894531,3.878499984741211,3.8787630644426923,5.277448287254227,5.7054701859067904
2026-01-22,5.742499828338623,3.878499984741211,3.8787630644426923,5.323293076969643,5.6764376853150225
2026-01-23,5.910999774932861,3.878499984741211,3.8787630644426923,5.415126356294518,5.6780035698873235
2026-01-26,5.984000205993652,3.878499984741211,3.8787630644426923,5.462927890646991,5.80225001543829
2026-01-27,5.828499794006348,3.878499984741211,3.8787630644426923,5.580207207659109,5.886095936833499
2026-01-28,5.892499923706055,3.878499984741211,3.8787630644426923,5.517497645214348,5.793141728326873
2026-01-29,6.17549991607666,3.878499984741211,3.8787630644426923,5.535271143905629,5.759277718974886
2026-01-30,5.896999835968018,3.878499984741211,3.8787630644426923,5.4421613482056195,5.973954876314224
2026-02-02,5.801499843597412,3.878499984741211,3.8787630644426923,5.399209349519667,5.847935400025563
2026-02-03,6.0625,3.878499984741211,3.8787630644426923,5.4308482889255725,5.693216524711943
2026-02-04,5.826000213623047,3.878499984741211,3.8787630644426923,5.399010072849348,5.868634217281169
2026-02-05,5.798999786376953,3.878499984741211,3.8787630644426923,5.376668680347943,5.801394220899056
2026-02-06,5.863500118255615,3.878499984741211,3.8787630644426923,5.416020355179798,5.7077132453375725
2026-02-09,5.945000171661377,3.878499984741211,3.8787630644426923,5.523060902147009,5.746021242127654
2026-02-10,5.895999908447266,3.878499984741211,3.8787630644426923,5.529425785438049,5.849903288596806
2026-02-11,5.948999881744385,3.878499984741211,3.8787630644426923,5.524487982118997,5.825432392333653
2026-02-12,5.770999908447266,3.878499984741211,3.8787630644426923,5.5399052399085065,5.820588595241588
2026-02-13,5.792500019073486,3.878499984741211,3.8787630644426923,5.552826328987015,5.713533087073358
2026-02-17,5.632999897003174,3.878499984741211,3.8787630644426923,5.562061206236793,5.692980413192913
2026-02-18,5.793499946594238,3.878499984741211,3.8787630644426923,5.50500146730299,5.598133801582094
2026-02-19,5.730000019073486,3.878499984741211,3.8787630644426923,5.501296577255946,5.658387881310091
2026-02-20,5.830999851226807,3.878499984741211,3.8787630644426923,5.524346423884575,5.661764539353612
2026-02-23,5.7729997634887695,3.878499984741211,3.8787630644426923,5.548537538901952,5.716000847429314
2026-02-24,5.922999858856201,3.878499984741211,3.8787630644426923,5.548409639333457,5.695581150854196
2026-02-25,5.979499816894531,3.878499984741211,3.8787630644426923,5.561946505085803,5.775686152940466
2026-02-26,5.947000026702881,3.878499984741211,3.8787630644426923,5.560884731334809,5.854359564366746
2026-02-27,6.004499912261963,3.878499984741211,3.8787630644426923,5.574929496371579,5.840624720315532
2026-03-02,5.894499778747559,3.878499984741211,3.8787630644426923,5.48811083573623,5.864600133483918
2026-03-03,5.773499965667725,3.878499984741211,3.8787630644426923,5.440789109670172,5.790870581280444
2026-03-04,5.855000019073486,3.878499984741211,3.8787630644426923,5.455923235757348,5.6864579421969665
2026-03-05,5.752999782562256,3.878499984741211,3.8787630644426923,5.430377514419675,5.73728072723361
2026-03-06,5.756999969482422,3.878499984741211,3.8787630644426923,5.43517864028878,5.703136719463146
2026-03-09,5.80049991607666,3.878499984741211,3.8787630644426923,5.4316225087915,5.677170596535802
2026-03-10,5.90399980545044,3.878499984741211,3.8787630644426923,5.433035631023937,5.702893586040204
2026-03-11,5.8454999923706055,3.878499984741211,3.8787630644426923,5.388785725185527,5.785496630443049
2026-03-12,5.82450008392334,3.878499984741211,3.8787630644426923,5.3382094875603885,5.758397347771961
2026-03-13,5.714499950408936,3.878499984741211,3.8787630644426923,5.258648963316438,5.711995728985698
2026-03-16,5.790500164031982,3.878499984741211,3.8787630644426923,5.30953229692981,5.627144797593132
2026-03-17,5.726500034332275,3.878499984741211,3.8787630644426923,5.326599419286481,5.68544415481972
2026-03-18,5.553999900817871,3.878499984741211,3.8787630644426923,5.257345883596875,5.68011672409574
2026-03-19,5.433000087738037,3.878499984741211,3.8787630644426923,5.358471657450421,5.5272152052882575
2026-03-20,5.34250020980835,3.878499984741211,3.8787630644426923,5.322381271301381,5.418486728513074
2026-03-23,5.439499855041504,3.878499984741211,3.8787630644426923,5.367160794386195,5.332448656490442
2026-03-24,5.422500133514404,3.878499984741211,3.8787630644426923,5.335192698492629,5.385076948570372
2026-03-25,5.52899980545044,3.878499984741211,3.8787630644426923,5.314472081538245,5.389961560478923
2026-03-26,5.446499824523926,3.878499984741211,3.8787630644426923,5.276742506448901,5.436302615343948
2026-03-27,5.4670000076293945,3.878499984741211,3.8787630644426923,5.270430330494962,5.392446436725663
2026-03-30,5.47599983215332,3.878499984741211,3.8787630644426923,5.227397944935506,5.383551439945563
2026-03-31,5.587500095367432,3.878499984741211,3.8787630644426923,5.306820208067962,5.393163548662642
2026-04-01,5.624000072479248,3.878499984741211,3.8787630644426923,5.325922859313657,5.495136076136816
2026-04-02,5.563000202178955,3.878499984741211,3.8787630644426923,5.282647962649029,5.551755881721533
2026-04-06,5.583499908447266,3.878499984741211,3.8787630644426923,5.311810920415081,5.494887237416947
2026-04-07,5.54449987411499,3.878499984741211,3.8787630644426923,5.346052054638504,5.487849095352487
2026-04-08,5.759500026702881,3.878499984741211,3.8787630644426923,5.42826811341061,5.486204653230175
2026-04-09,5.748000144958496,3.878499984741211,3.8787630644426923,5.451475929308093,5.642584208818903
2026-04-10,5.870500087738037,3.878499984741211,3.8787630644426923,5.47160590202473,5.683342850074155
2026-04-13,5.97599983215332,3.878499984741211,3.8787630644426923,5.499899126280735,5.739903408344617
2026-04-14,6.070499897003174,3.878499984741211,3.8787630644426923,5.524382126171571,5.831930725534903
2026-04-15,6.072000026702881,3.878499984741211,3.8787630644426923,5.533015789744201,5.924944620224778
2026-04-16,6.066500186920166,3.878499984741211,3.8787630644426923,5.505084445411494,5.9426231410603805
2026-04-17,6.103499889373779,3.878499984741211,3.8787630644426923,5.511566179837946,5.925149133176205
2026-04-20,6.035999774932861,3.878499984741211,3.8787630644426923,5.525675888432158,5.956274600002644
2026-04-21,6.001500129699707,3.878499984741211,3.8787630644426923,5.469530285468396,5.935490642162108
2026-04-22,6.119999885559082,3.878499984741211,3.8787630644426923,5.461474401044523,5.886783644547847
2026-04-23,6.075500011444092,3.878499984741211,3.8787630644426923,5.443332884302695,5.9639600738339595
2026-04-24,6.023499965667725,3.878499984741211,3.8787630644426923,5.463613509443945,5.968709514092211
2026-04-27,6.01800012588501,3.878499984741211,3.8787630644426923,5.472028741460118,5.92164081443434
2026-04-28,5.914500236511231,3.878499984741211,3.8787630644426923,5.442012990730987,5.904641662802192
2026-04-29,5.878499984741211,3.878499984741211,3.8787630644426923,5.407859483424982,5.833919679817882
2026-04-30,5.926000118255615,3.878499984741211,3.8787630644426923,5.5025416701818415,5.784998075265321
